detectorid,stationid,milepost,lanenumber
102017,5207,36.15,1
102018,5207,36.15,2
102019,5208,36.15,1
102020,5208,36.15,2
101766,10347,0,2
101767,10347,0,1
101976,10330,0,2
101977,10330,0,1
101982,10331,0,2
101983,10331,0,1
101694,10326,0,4
101709,10328,0,1
101714,10329,0,2
101715,10329,0,1
101732,10332,0,2
100836,1147,306.6,3
101769,10349,57.52,1
101762,10347,0,6
101763,10347,0,5
101729,10332,0,5
101730,10332,0,4
101731,10332,0,3
101710,10329,0,6
101711,10329,0,5
101712,10329,0,4
101713,10329,0,3
101705,10328,0,5
101706,10328,0,4
101733,10332,0,1
101751,10340,43.77,2
101752,10340,43.77,1
100602,3210,0,2
100881,1056,1.33,3
100882,1056,1.33,2
100883,1056,1.33,1
100878,1055,0.52,3
100879,1055,0.52,2
100880,1055,0.52,1
100876,1097,0.1,2
100877,1097,0.1,1
101037,3178,61.05,2
101038,3178,61.05,1
100863,1087,68.55,3
100864,1087,68.55,2
100865,1087,68.55,1
100860,1086,67.4,3
100861,1086,67.4,2
100862,1086,67.4,1
100857,1085,65.9,3
100858,1085,65.9,2
100859,1085,65.9,1
100847,1081,61.25,2
100848,1081,61.25,1
100845,1138,58.8,2
100846,1138,58.8,1
100672,1148,72.21,3
100673,1148,72.21,2
100674,1148,72.21,1
100669,1091,71.39,3
100670,1091,71.39,2
100671,1091,71.39,1
100660,1090,70.9,3
100661,1090,70.9,2
100662,1090,70.9,1
100651,1089,69.22,3
100652,1089,69.22,2
100653,1089,69.22,1
100635,3180,69.31,3
100636,3180,69.31,2
100637,3180,69.31,1
100628,3163,73.17,3
100629,3163,73.17,2
100630,3163,73.17,1
100625,3161,72.17,3
100626,3161,72.17,2
100627,3161,72.17,1
100312,3153,0.25,3
100313,3153,0.25,2
100314,3153,0.25,1
100303,3157,3.4,3
100304,3157,3.4,2
100305,3157,3.4,1
100301,3155,1.5,2
100302,3155,1.5,1
100066,1063,0.66,2
100067,1063,0.66,1
100058,1064,1.34,2
100059,1064,1.34,1
100050,1065,2.16,2
100051,1065,2.16,1
100042,1066,2.68,2
100043,1066,2.68,1
100034,1067,3.85,2
100035,1067,3.85,1
100026,1068,4.65,2
100027,1068,4.65,1
100018,1069,5.85,2
100019,1069,5.85,1
100004,1070,5.9,2
100005,1070,5.9,1
100002,1071,6.61,2
100003,1071,6.61,1
102031,10378,294.87,3
102032,10378,294.87,2
102033,10378,294.87,1
102027,10376,298.02,2
102028,10376,298.02,1
102025,10375,279.3,2
102026,10375,279.3,1
102029,10377,298.02,2
102030,10377,298.02,1
102023,10374,279.3,2
102024,10374,279.3,1
102225,10571,47.83,1
102221,10566,53.93,1
102220,10570,52.44,1
102201,10564,57.8,1
102196,10561,49.95,1
102192,10562,51.83,2
102193,10562,51.83,1
102143,10543,55.99,2
102144,10543,55.99,1
102140,10540,61.77,1
102138,10539,83.51,1
102137,10536,70.99,1
102224,10569,47.83,1
102222,10568,53.93,2
102223,10568,53.93,1
102218,10567,52.44,2
102219,10567,52.44,1
102202,10565,57.8,1
102199,10560,49.95,2
102200,10560,49.95,1
102194,10563,51.83,2
102195,10563,51.83,1
102142,10542,55.99,1
102141,10541,61.77,1
102139,10538,83.51,1
102136,10537,70.99,1
101749,10339,43.77,2
101750,10339,43.77,1
101978,10331,0,6
101979,10331,0,5
101980,10331,0,4
101981,10331,0,3
101972,10330,0,6
101973,10330,0,5
101974,10330,0,4
101975,10330,0,3
101728,10332,0,6
101704,10328,0,6
101698,10327,0,6
101699,10327,0,5
101692,10326,0,6
101693,10326,0,5
100903,1145,5.7,1
100696,1146,69.3,2
100697,1146,69.3,1
100694,1139,71.08,2
100695,1139,71.08,1
102276,10586,19.92,2
102277,10586,19.92,1
101779,10354,307.92,1
100615,3186,300.26,4
100616,3186,300.26,3
100617,3186,300.26,2
100618,3186,300.26,1
100613,3187,299.8,2
100614,3187,299.8,1
100611,10123,0.2,2
100612,10123,0.2,1
100610,10122,1.77,1
100608,10121,1.77,2
100609,10121,1.77,1
100604,3211,0,2
100605,3211,0,1
100603,3210,0,1
100450,1037,291.9,2
100451,1037,291.9,1
102158,10547,73.71,1
102157,10549,73.71,1
102156,10548,73.71,1
101964,10358,5.82,1
101113,10285,6.7,1
102109,10525,306.51,-1
102108,10523,305.12,-1
102107,10522,304.4,-1
102106,10524,303.88,-1
101965,10359,292.06,2
101966,10359,292.06,1
101772,10351,307.92,1
101289,10520,300.47,4
101290,10520,300.47,3
101291,10520,300.47,2
101292,10520,300.47,1
100606,3201,0.2,2
100607,3201,0.2,1
102145,10545,12.16,2
102146,10545,12.16,1
102147,10544,12.16,3
102148,10544,12.16,2
102149,10544,12.16,1
102119,10531,59.04,1
102117,10530,57.95,1
102115,10534,56.75,1
102113,10535,56.18,1
102118,10532,59.04,1
102116,10533,57.95,1
102114,10528,56.75,1
102111,10527,56.18,1
102122,10526,24.41,2
102123,10526,24.41,1
102120,10529,24.41,2
102121,10529,24.41,1
102084,10380,5.43,3
102085,10380,5.43,2
102086,10380,5.43,1
101969,10361,6.33,3
101970,10361,6.33,2
101971,10361,6.33,1
101676,3154,0.25,4
101677,3154,0.25,3
101678,3154,0.25,2
101679,3154,0.25,1
100306,3177,3.4,3
100307,3177,3.4,2
100308,3177,3.4,1
100299,3156,1.5,2
100300,3156,1.5,1
100165,1072,6.77,3
100166,1072,6.77,2
100167,1072,6.77,1
100157,1073,5.95,2
100158,1073,5.95,1
100149,1074,5.11,2
100176,10023,8.48,2
100150,1074,5.11,1
100141,1075,4.35,2
100142,1075,4.35,1
100127,1076,3.5,2
100128,1076,3.5,1
100119,1077,3.12,2
100120,1077,3.12,1
100117,1078,2.55,2
100118,1078,2.55,1
100103,1079,1.92,2
100104,1079,1.92,1
100094,1080,0.76,3
100095,1080,0.76,2
100096,1080,0.76,1
100085,1111,0.45,3
100086,1111,0.45,2
100087,1111,0.45,1
100071,1118,0.08,2
100072,1118,0.08,1
102189,10557,70.16,3
102190,10557,70.16,2
102191,10557,70.16,1
102182,10558,69.77,3
102183,10558,69.77,2
102184,10558,69.77,1
102162,10552,72.65,4
102163,10552,72.65,3
102164,10552,72.65,2
102165,10552,72.65,1
102150,10546,73.71,3
102151,10546,73.71,2
102152,10546,73.71,1
101041,3159,62.48,2
101042,3159,62.48,1
101039,3158,61.05,2
101040,3158,61.05,1
100873,1094,68.2,3
100874,1094,68.2,2
100875,1094,68.2,1
100870,1095,67,3
100871,1095,67,2
100872,1095,67,1
100868,1136,65.65,2
100869,1136,65.65,1
100866,1129,64.24,2
100867,1129,64.24,1
100681,1092,71.37,3
100682,1092,71.37,2
100683,1092,71.37,1
101281,1122,73.71,2
101282,1122,73.71,1
100675,1112,73.33,4
100676,1112,73.33,3
100677,1112,73.33,2
100678,1112,73.33,1
100647,3162,72.17,4
100648,3162,72.17,3
100649,3162,72.17,2
100650,3162,72.17,1
100643,3181,73.17,4
100644,3181,73.17,3
100645,3181,73.17,2
100646,3181,73.17,1
100640,3160,69.31,3
100641,3160,69.31,2
100642,3160,69.31,1
101686,3174,305.9,3
101687,3174,305.9,2
101688,3174,305.9,1
101303,10318,291.48,4
101304,10318,291.48,3
101305,10318,291.48,2
101306,10318,291.48,1
101065,3115,294.05,3
101066,3115,294.05,2
101067,3115,294.05,1
101031,3173,305.6,3
101032,3173,305.6,2
101033,3173,305.6,1
101026,3172,303.47,2
101027,3172,303.47,1
100842,1026,307.9,3
100843,1026,307.9,2
100844,1026,307.9,1
100839,1027,307.35,3
100840,1027,307.35,2
100841,1027,307.35,1
100837,1147,306.6,2
100838,1147,306.6,1
100833,1028,305.97,3
100834,1028,305.97,2
100835,1028,305.97,1
100830,1029,305.51,3
100831,1029,305.51,2
100832,1029,305.51,1
100827,1030,305.4,3
100828,1030,305.4,2
100829,1030,305.4,1
100824,1031,304.85,3
100825,1031,304.85,2
100826,1031,304.85,1
100821,1032,304.08,3
100822,1032,304.08,2
100823,1032,304.08,1
100818,1033,303.9,3
100819,1033,303.9,2
100820,1033,303.9,1
100816,1034,303.1,2
100817,1034,303.1,1
100812,1035,302.17,2
100813,1035,302.17,1
100809,1108,296.26,3
100810,1108,296.26,2
100811,1108,296.26,1
100806,1107,295.18,3
100807,1107,295.18,2
100808,1107,295.18,1
100803,1105,293.36,3
100804,1105,293.36,2
100805,1105,293.36,1
100800,1131,293.1,3
100801,1131,293.1,2
100802,1131,293.1,1
100687,3118,297.6,3
100688,3118,297.6,2
100689,3118,297.6,1
100684,3116,297.3,3
100685,3116,297.3,2
100686,3116,297.3,1
100558,3192,287.46,4
100559,3192,287.46,3
100560,3192,287.46,2
100561,3192,287.46,1
100555,3113,285.28,3
100556,3113,285.28,2
100557,3113,285.28,1
100529,3120,301.32,3
100530,3120,301.32,2
100531,3120,301.32,1
100447,1038,291.25,3
100448,1038,291.25,2
100449,1038,291.25,1
100444,1039,290.4,3
100445,1039,290.4,2
100446,1039,290.4,1
100441,1040,289.38,3
100442,1040,289.38,2
100443,1040,289.38,1
100438,3182,283.93,3
100439,3182,283.93,2
100440,3182,283.93,1
100391,3121,302.51,2
100392,3121,302.51,1
100374,1036,299.25,3
100375,1036,299.25,2
100376,1036,299.25,1
100367,1096,299.5,2
100368,1096,299.5,1
100283,3185,300.8,3
100284,3185,300.8,2
100285,3185,300.8,1
100269,3194,298.9,3
100270,3194,298.9,2
100271,3194,298.9,1
102285,10589,8.56,2
102286,10589,8.56,1
102282,10583,19.54,3
102283,10583,19.54,2
102284,10583,19.54,1
102273,10581,19.92,3
102274,10581,19.92,2
102275,10581,19.92,1
102257,10582,23.02,4
102258,10582,23.02,3
102259,10582,23.02,2
102260,10582,23.02,1
102245,10579,25.6,4
102246,10579,25.6,3
102247,10579,25.6,2
102248,10579,25.6,1
102242,10577,2.8,3
102243,10577,2.8,2
102244,10577,2.8,1
102234,10572,6.89,2
102235,10572,6.89,1
102232,10574,6.09,2
102233,10574,6.09,1
101146,3105,21.68,4
101147,3105,21.68,3
101148,3105,21.68,2
101149,3105,21.68,1
101071,3001,10.2,3
101072,3001,10.2,2
101073,3001,10.2,1
101061,3107,23.27,4
101062,3107,23.27,3
101063,3107,23.27,2
101064,3107,23.27,1
101059,3104,7.6,2
101060,3104,7.6,1
101057,3195,5.39,2
101058,3195,5.39,1
101054,3101,1.96,3
101055,3101,1.96,2
101056,3101,1.96,1
101017,1049,24.77,3
101018,1049,24.77,2
101019,1049,24.77,1
101002,1052,19.25,3
101003,1052,19.25,2
101004,1052,19.25,1
100999,1053,18.92,3
101000,1053,18.92,2
101001,1053,18.92,1
100993,1098,16.24,3
100994,1098,16.24,2
100995,1098,16.24,1
100990,1125,14.58,3
100991,1125,14.58,2
100992,1125,14.58,1
100987,1126,14.32,3
100988,1126,14.32,2
100989,1126,14.32,1
100984,1106,13.38,3
100985,1106,13.38,2
100986,1106,13.38,1
100978,1100,12.67,3
100979,1100,12.67,2
100980,1100,12.67,1
100975,1101,11.05,3
100976,1101,11.05,2
100977,1101,11.05,1
100972,1102,10.24,3
100973,1102,10.24,2
100974,1102,10.24,1
100970,10235,9.29,2
100971,10235,9.29,1
100968,1104,8.5,2
100969,1104,8.5,1
100960,1114,2.86,2
100961,1114,2.86,1
101022,3122,4.09,2
101023,3122,4.09,1
100544,3110,1.77,2
100545,3110,1.77,1
100393,3196,1.15,3
100394,3196,1.15,2
100395,3196,1.15,1
100333,1119,2.22,2
100334,1119,2.22,1
100331,1120,1.81,2
100332,1120,1.81,1
100328,1121,1.37,3
100329,1121,1.37,2
100330,1121,1.37,1
100325,1135,1.08,3
100326,1135,1.08,2
100327,1135,1.08,1
100321,1134,0.97,4
100322,1134,0.97,3
100323,1134,0.97,2
100324,1134,0.97,1
102175,10555,2.64,3
102176,10555,2.64,2
102177,10555,2.64,1
101186,3202,16.9,2
101187,3202,16.9,1
101183,3152,15.94,3
101184,3152,15.94,2
101185,3152,15.94,1
101180,3150,15.17,3
101181,3150,15.17,2
101182,3150,15.17,1
101177,3148,14.4,3
101178,3148,14.4,2
101179,3148,14.4,1
101174,3146,13.04,3
101175,3146,13.04,2
101176,3146,13.04,1
101171,3144,12.16,3
101172,3144,12.16,2
101173,3144,12.16,1
101168,3142,11.47,3
101169,3142,11.47,2
101170,3142,11.47,1
101165,3140,10.04,3
101166,3140,10.04,2
101167,3140,10.04,1
101162,3138,6.7,3
101163,3138,6.7,2
101164,3138,6.7,1
101159,3136,5.82,3
101160,3136,5.82,2
101161,3136,5.82,1
101156,3134,5.03,3
101157,3134,5.03,2
101158,3134,5.03,1
101153,3132,4.25,3
101154,3132,4.25,2
101155,3132,4.25,1
101150,3176,3.36,3
101151,3176,3.36,2
101152,3176,3.36,1
101143,3175,1.82,3
101144,3175,1.82,2
101145,3175,1.82,1
101140,3128,1.21,3
101141,3128,1.21,2
101142,3128,1.21,1
101137,3126,0.45,3
101138,3126,0.45,2
101139,3126,0.45,1
100904,10212,14.43,3
100905,10212,14.43,2
100906,10212,14.43,1
100900,1059,4.9,3
100901,1059,4.9,2
100902,1059,4.9,1
100897,1060,3.43,3
100898,1060,3.43,2
100899,1060,3.43,1
100894,1061,2.4,3
100895,1061,2.4,2
100896,1061,2.4,1
100890,1062,2.1,4
100891,1062,2.1,3
100892,1062,2.1,2
100893,1062,2.1,1
102095,1004,289.63,5
102096,1004,289.63,4
102097,1004,289.63,3
102098,1004,289.63,2
102099,1004,289.63,1
102090,1003,289.4,5
102091,1003,289.4,4
102092,1003,289.4,3
102093,1003,289.4,2
102094,1003,289.4,1
102034,10379,303.1,2
102035,10379,303.1,1
101915,10356,300.99,2
101916,10356,300.99,1
101689,3124,305.9,3
101690,3124,305.9,2
101691,3124,305.9,1
101299,10317,291.47,4
101300,10317,291.47,3
101301,10317,291.47,2
101302,10317,291.47,1
101028,3123,305.6,3
101029,3123,305.6,2
101030,3123,305.6,1
101024,3171,303.47,2
101025,3171,303.47,1
100797,1025,307.9,3
100798,1025,307.9,2
100799,1025,307.9,1
100794,1024,307.46,3
100795,1024,307.46,2
100796,1024,307.46,1
100792,1023,306.51,2
100793,1023,306.51,1
100788,1021,305.12,2
100789,1021,305.12,1
100786,1020,304.4,2
100787,1020,304.4,1
100784,1019,303.88,2
100785,1019,303.88,1
100782,1018,302.5,2
100783,1018,302.5,1
100767,1012,296.6,3
100768,1012,296.6,2
100769,1012,296.6,1
100764,1011,296.26,3
100765,1011,296.26,2
100766,1011,296.26,1
100761,1010,295.18,3
100762,1010,295.18,2
100763,1010,295.18,1
100758,1009,293.74,3
100759,1009,293.74,2
100760,1009,293.74,1
100755,1008,293.18,3
100756,1008,293.18,2
100757,1008,293.18,1
100701,3117,297.6,3
100702,3117,297.6,2
100703,3117,297.6,1
100584,1130,283.93,3
100585,1130,283.93,2
100586,1130,283.93,1
100562,1001,286.1,3
100563,1001,286.1,2
100564,1001,286.1,1
100551,3191,287.46,4
100552,3191,287.46,3
100553,3191,287.46,2
100554,3191,287.46,1
100548,3165,285.58,3
100549,3165,285.58,2
100550,3165,285.58,1
100435,1007,292.18,3
100436,1007,292.18,2
100437,1007,292.18,1
100432,1006,291.61,3
100433,1006,291.61,2
100434,1006,291.61,1
100429,1005,290.54,3
100430,1005,290.54,2
100431,1005,290.54,1
100420,1002,286.3,3
100421,1002,286.3,2
100422,1002,286.3,1
100389,3169,302.52,2
100390,3169,302.52,1
100369,1015,299.7,2
100370,1015,299.7,1
100294,3193,298.9,3
100295,3193,298.9,2
100296,3193,298.9,1
100290,3168,301.32,2
100291,3168,301.32,1
100280,3032,300.8,3
100281,3032,300.8,2
100282,3032,300.8,1
102315,10590,13.62,4
102316,10590,13.62,3
102317,10590,13.62,2
102318,10590,13.62,1
102287,10576,8.56,2
102288,10576,8.56,1
102278,10588,19.54,4
102279,10588,19.54,3
102280,10588,19.54,2
102281,10588,19.54,1
102269,10585,19.92,4
102270,10585,19.92,3
102271,10585,19.92,2
102272,10585,19.92,1
102265,10587,20.9,4
102266,10587,20.9,3
102267,10587,20.9,2
102268,10587,20.9,1
102261,10584,21.44,4
102262,10584,21.44,3
102263,10584,21.44,2
102264,10584,21.44,1
102253,10580,23.02,4
102254,10580,23.02,3
102255,10580,23.02,2
102256,10580,23.02,1
102249,10578,25.6,4
102250,10578,25.6,3
102251,10578,25.6,2
102252,10578,25.6,1
102238,10575,26.4,4
102239,10575,26.4,3
102240,10575,26.4,2
102241,10575,26.4,1
102236,10573,6.89,2
102237,10573,6.89,1
102168,10551,2.8,2
102169,10551,2.8,1
102166,10553,3.58,2
102167,10553,3.58,1
101984,230,24.82,4
101985,230,24.82,3
101986,230,24.82,2
101987,230,24.82,1
101917,1110,9.03,2
101918,1110,9.03,1
101074,3164,21.68,3
101075,3164,21.68,2
101076,3164,21.68,1
101068,3002,10.2,3
101069,3002,10.2,2
101070,3002,10.2,1
101050,3106,23.27,4
101051,3106,23.27,3
101052,3106,23.27,2
101053,3106,23.27,1
101048,3103,7.6,2
101049,3103,7.6,1
101046,3102,5.39,2
101047,3102,5.39,1
101043,3100,1.96,3
101044,3100,1.96,2
101045,3100,1.96,1
100962,232,24.92,4
100963,232,24.92,3
100964,232,24.92,2
100965,232,24.92,1
100953,1140,23.41,3
100954,1140,23.41,2
100955,1140,23.41,1
100938,1046,16.2,3
100939,1046,16.2,2
100940,1046,16.2,1
100935,1045,15.09,3
100936,1045,15.09,2
100937,1045,15.09,1
100932,1124,14.56,3
100933,1124,14.56,2
100934,1124,14.56,1
100925,1043,12.94,4
100926,1043,12.94,3
100927,1043,12.94,2
101764,10347,0,4
100928,1043,12.94,1
100922,1042,11.05,3
100923,1042,11.05,2
100924,1042,11.05,1
100919,1144,10.27,3
100920,1144,10.27,2
100921,1144,10.27,1
100909,1116,6.88,2
100910,1116,6.88,1
100907,1113,3.55,2
100908,1113,3.55,1
101020,3170,4.2,2
101021,3170,4.2,1
100546,3109,1.77,2
100547,3109,1.77,1
100532,3108,1.15,3
100533,3108,1.15,2
100534,3108,1.15,1
100527,3111,2.12,2
100528,3111,2.12,1
100364,1133,2.46,3
100365,1133,2.46,2
100366,1133,2.46,1
100362,1132,2.3,2
100363,1132,2.3,1
102172,10556,2.64,3
102173,10556,2.64,2
102174,10556,2.64,1
101283,3137,6.7,2
101284,3137,6.7,1
101135,3183,16.9,2
101136,3183,16.9,1
101132,3151,15.94,3
101133,3151,15.94,2
101134,3151,15.94,1
101129,3149,15.17,3
101130,3149,15.17,2
101131,3149,15.17,1
101126,3147,14.4,3
101127,3147,14.4,2
101128,3147,14.4,1
101123,3145,13.04,3
101124,3145,13.04,2
101125,3145,13.04,1
101120,3143,12.16,3
101121,3143,12.16,2
101122,3143,12.16,1
101117,3141,11.47,3
101118,3141,11.47,2
101119,3141,11.47,1
101114,3139,10.04,3
101115,3139,10.04,2
101116,3139,10.04,1
101107,3135,5.82,3
101108,3135,5.82,2
101109,3135,5.82,1
101104,3133,5.03,3
101105,3133,5.03,2
101106,3133,5.03,1
101101,3131,4.25,3
101102,3131,4.25,2
101103,3131,4.25,1
101098,3130,3.36,3
101099,3130,3.36,2
101100,3130,3.36,1
101095,3129,1.82,3
101096,3129,1.82,2
101097,3129,1.82,1
101092,3127,1.21,3
101093,3127,1.21,2
101094,3127,1.21,1
101089,3125,0.45,3
101090,3125,0.45,2
101091,3125,0.45,1
100887,1127,3.69,3
100888,1127,3.69,2
100889,1127,3.69,1
100884,1057,2.6,3
100885,1057,2.6,2
100886,1057,2.6,1
102185,10559,70.16,4
102186,10559,70.16,3
102187,10559,70.16,2
102188,10559,70.16,1
102178,10554,69.77,4
102179,10554,69.77,3
102180,10554,69.77,2
102181,10554,69.77,1
102159,10550,72.65,3
102160,10550,72.65,2
102161,10550,72.65,1
102087,10381,5.43,3
102088,10381,5.43,2
102089,10381,5.43,1
101967,10521,6.33,2
101968,10521,6.33,1
101748,10338,54.13,1
101761,10346,61.82,1
101755,10342,52.47,1
101760,10345,61.82,1
101768,10348,57.52,1
101746,10337,54.13,2
101747,10337,54.13,1
101753,10341,52.47,2
101754,10341,52.47,1
100638,10134,69.31,2
100639,10134,69.31,1
100598,3209,69.1,2
100599,3209,69.1,1
100634,10132,69.31,1
100177,10023,8.48,1
100178,10024,9.42,2
100179,10024,9.42,1
100182,10026,11.66,2
100183,10026,11.66,1
100180,10025,10.05,2
100181,10025,10.05,1
100174,10022,7.65,2
100175,10022,7.65,1
100192,10031,7.65,2
100193,10031,7.65,1
100188,10029,9.42,2
100189,10029,9.42,1
100184,10027,11.66,2
100185,10027,11.66,1
100190,10030,8.48,2
100191,10030,8.48,1
100186,10028,10.05,2
100187,10028,10.05,1
101744,10336,0.32,2
101745,10336,0.32,1
101765,10347,0,3
101740,10334,0.9,2
101741,10334,0.9,1
101742,10335,0.66,2
101743,10335,0.66,1
101285,10313,252.3,4
101286,10313,252.3,3
101287,10313,252.3,2
101288,10313,252.3,1
102311,1054,17.5,4
102312,1054,17.5,3
102313,1054,17.5,2
102314,1054,17.5,1
100966,1115,6.25,2
100967,1115,6.25,1
102303,1050,24.66,4
102304,1050,24.66,3
102305,1050,24.66,2
102306,1050,24.66,1
102289,1143,21.12,5
102290,1143,21.12,4
102291,1143,21.12,3
102292,1143,21.12,2
102293,1143,21.12,1
102294,1051,20.34,5
102295,1051,20.34,4
102296,1051,20.34,3
102297,1051,20.34,2
102298,1051,20.34,1
102307,1141,23.41,4
102308,1141,23.41,3
102309,1141,23.41,2
102310,1141,23.41,1
100752,3167,296.9,3
100753,3167,296.9,2
100754,3167,296.9,1
101912,1013,297.4,3
101913,1013,297.4,2
101914,1013,297.4,1
102299,1047,18.1,4
102300,1047,18.1,3
102301,1047,18.1,2
102302,1047,18.1,1
102104,1041,9.45,2
102105,1041,9.45,1
100911,1109,8.8,2
100912,1109,8.8,1
102206,1084,64.29,3
102207,1084,64.29,2
102208,1084,64.29,1
102209,1128,62.8,3
102210,1128,62.8,2
102211,1128,62.8,1
102212,1082,62.47,3
102213,1082,62.47,2
102214,1082,62.47,1
102215,1083,64.34,3
102216,1083,64.34,2
102217,1083,64.34,1
100692,1123,73.62,2
100693,1123,73.62,1
101695,10326,0,3
101696,10326,0,2
101697,10326,0,1
101700,10327,0,4
101701,10327,0,3
101702,10327,0,2
101703,10327,0,1
101707,10328,0,3
101708,10328,0,2
102153,10591,73.71,3
102154,10591,73.71,2
102155,10591,73.71,1
1000002,10422,4.71,1
1000001,10422,4.71,2
1000004,10390,4.71,1
1000003,10390,4.71,2
5772,1638,14.65,1
5771,1638,14.65,2
5768,1636,13.14,1
5765,1634,12.39,2
5766,1634,12.39,1
1000007,10420,11.45,2
1000008,10420,11.45,1
1000012,10440,9.52,1
1000011,10440,9.52,2
5802,1606,8.52,1
5801,1606,8.52,2
5798,1604,7.72,1
5797,1604,7.72,2
5762,1632,6.3,2
5763,1632,6.3,1
5067,1528,5.59,1
5068,1528,5.59,2
1000014,10398,5,1
1000013,10398,5,2
5063,1526,4.32,1
5064,1526,4.32,2
1000016,10433,3.76,1
1000015,10433,3.76,2
102001,1602,3.05,1
102002,1602,3.05,2
1000006,1600,2.4,1
1000005,1600,2.4,2
5005,1502,1.55,2
5006,1502,1.55,1
1000017,10397,0.91,2
1000018,10397,0.91,1
5758,1630,0.58,2
5759,1630,0.58,1
1000010,10392,10.49,1
1000009,10392,10.49,2
1000019,10400,0.17,2
1000020,10400,0.17,1
1000167,10606,1.93,2
1000168,10606,1.93,1
1000024,10399,8.75,1
1000023,10399,8.75,2
5709,1618,3.97,2
5710,1618,3.97,1
5787,1646,1.46,2
5788,1646,1.46,1
5783,1644,0.66,2
5784,1644,0.66,1
1000169,10605,3.32,2
1000170,10605,3.32,1
1000171,10602,2.35,2
1000172,10602,2.35,1
1000025,10437,36.67,2
1000026,10437,36.67,1
5082,1537,35.62,1
5083,1537,35.62,2
5081,1536,34.81,1
5080,1536,34.81,2
1000027,10393,34.35,2
1000028,10393,34.35,1
5780,1642,33.45,1
5779,1642,33.45,2
5109,1561,32.9,2
5108,1561,32.9,1
5094,1547,32.23,2
5095,1547,32.23,1
5776,1640,31.53,1
5775,1640,31.53,2
1000030,10396,30.95,1
1000029,10396,30.95,2
1000033,10429,30.36,1
1000032,10429,30.36,2
1000031,10429,30.36,3
1000035,10423,29.87,2
1000034,10423,29.87,3
1000036,10423,29.87,1
1000039,10406,29.36,1
1000037,10406,29.36,3
1000038,10406,29.36,2
1000040,10441,28.85,3
1000042,10441,28.85,1
1000041,10441,28.85,2
1000044,10395,28.36,2
1000043,10395,28.36,3
1000045,10395,28.36,1
5077,1533,27.8,4
5682,1533,27.8,1
5075,1533,27.8,2
5076,1533,27.8,3
5677,1609,27.26,1
5675,1609,27.26,3
5676,1609,27.26,2
1000054,10405,85.57,3
1000056,10405,85.57,1
1000055,10405,85.57,2
1000057,10444,83.85,3
1000059,10444,83.85,1
1000058,10444,83.85,2
1000061,10387,82.74,1
1000060,10387,82.74,2
1000062,10411,82.27,2
1000063,10411,82.27,1
1000064,10427,81.67,2
1000065,10427,81.67,1
1000066,10412,81.32,2
1000067,10412,81.32,1
1000069,10414,80.76,1
1000068,10414,80.76,2
5532,1990,76.54,2
5533,1990,76.54,1
5647,1596,74.75,2
5648,1596,74.75,1
5643,1594,73.26,3
1000053,1594,73.26,1
5644,1594,73.26,2
1000071,10445,14.2,2
1000072,10445,14.2,1
1000070,10445,14.2,3
1000075,10394,13.46,1
1000073,10394,13.46,3
1000074,10394,13.46,2
5737,1626,12.49,3
5738,1626,12.49,2
5739,1626,12.49,1
5723,1588,11.75,1
5631,1588,11.75,3
5632,1588,11.75,2
1000077,10408,11.03,2
1000078,10408,11.03,1
1000076,10408,11.03,3
5733,1624,10.81,1
5731,1624,10.81,3
5732,1624,10.81,2
1000079,10410,9.77,3
1000080,10410,9.77,2
1000081,10410,9.77,1
1000048,1517,8.83,4
1000046,1517,8.83,3
1000049,1517,8.83,1
1000047,1517,8.83,2
1000083,10407,7.56,1
1000082,10407,7.56,2
102008,1515,7.3,2
102007,1515,7.3,1
1000086,10438,6.89,1
1000084,10438,6.89,3
1000085,10438,6.89,2
5042,1513,6.31,2
5139,1513,6.31,1
5041,1513,6.31,3
1000050,1511,5.29,3
1000052,1511,5.29,2
1000051,1511,5.29,1
5132,1557,4.94,2
5133,1557,4.94,3
5131,1557,4.94,1
5126,1555,4.25,3
5124,1555,4.25,1
5125,1555,4.25,2
5119,1553,3.78,3
5117,1553,3.78,1
5118,1553,3.78,2
5027,1509,3.1,3
5610,1509,3.1,1
5028,1509,3.1,2
5750,1628,2.1,3
5751,1628,2.1,2
5752,1628,2.1,1
5607,1581,1.41,1
5605,1581,1.41,3
5604,1581,1.41,4
5606,1581,1.41,2
5007,1503,0.88,3
5721,1503,0.88,1
5008,1503,0.88,2
5792,1583,0.45,3
5793,1583,0.45,2
5794,1583,0.45,1
1000173,10600,8.24,4
1000174,10600,8.24,3
1000175,10600,8.24,2
1000176,10600,8.24,1
5769,1637,14.65,2
5770,1637,14.65,1
5767,1635,13.14,1
5764,1633,12.39,1
1000089,10443,11.45,2
1000090,10443,11.45,1
1000092,10409,10.49,1
1000091,10409,10.49,2
1000094,10386,9.52,1
1000093,10386,9.52,2
5800,1605,8.52,1
5799,1605,8.52,2
5796,1603,7.72,1
5795,1603,7.72,2
5761,1631,6.3,1
5760,1631,6.3,2
5070,1529,5.59,1
5069,1529,5.59,2
1000096,10402,5,1
1000095,10402,5,2
5066,1527,4.32,1
5065,1527,4.32,2
1000098,10435,3.76,1
1000097,10435,3.76,2
102004,1601,3.05,1
102003,1601,3.05,2
1000088,1599,2.4,2
1000087,1599,2.4,1
5004,1501,1.55,2
5003,1501,1.55,1
1000100,10428,0.91,1
1000099,10428,0.91,2
5756,1629,0.58,2
5757,1629,0.58,1
1000102,10417,0.17,1
1000101,10417,0.17,2
1000177,10607,1.93,2
1000178,10607,1.93,1
5708,1617,3.97,1
5707,1617,3.97,2
5785,1645,1.46,2
5786,1645,1.46,1
5782,1643,0.66,1
5781,1643,0.66,2
1000180,10604,3.32,2
1000181,10604,3.32,1
1000182,10603,2.35,2
1000183,10603,2.35,1
1000110,10434,36.67,1
1000109,10434,36.67,2
5700,1614,35.62,1
5699,1614,35.62,2
5078,1535,34.81,1
5079,1535,34.81,2
1000112,10439,34.34,1
1000111,10439,34.34,2
5778,1641,33.45,1
5777,1641,33.45,2
5093,1545,32.9,2
5092,1545,32.9,1
5692,1613,32.22,1
5691,1613,32.22,2
5774,1639,31.53,1
5773,1639,31.53,2
1000113,10401,30.94,2
1000114,10401,30.94,1
1000116,10446,30.38,2
1000117,10446,30.38,1
1000115,10446,30.38,3
1000118,10391,29.87,3
1000120,10391,29.87,1
1000119,10391,29.87,2
1000121,10413,29.36,3
1000123,10413,29.36,1
1000122,10413,29.36,2
1000124,10418,28.85,3
1000125,10418,28.85,2
1000126,10418,28.85,1
1000128,10388,28.36,2
1000127,10388,28.36,3
1000129,10388,28.36,1
5680,1610,27.8,2
5679,1610,27.8,3
5678,1610,27.8,4
5681,1610,27.8,1
5674,1608,27.26,1
5671,1608,27.26,4
5673,1608,27.26,2
5672,1608,27.26,3
1000135,10425,85.57,3
1000137,10425,85.57,1
1000136,10425,85.57,2
1000140,10415,83.85,1
1000138,10415,83.85,3
1000139,10415,83.85,2
1000142,10431,82.74,1
1000141,10431,82.74,2
1000143,10404,82.27,2
1000144,10404,82.27,1
1000146,10419,81.67,1
1000145,10419,81.67,2
1000147,10389,81.32,2
1000148,10389,81.32,1
1000149,10424,80.76,2
1000150,10424,80.76,1
5531,1989,76.54,1
5530,1989,76.54,2
5646,1595,74.75,1
5645,1595,74.75,2
5642,1593,73.26,2
5641,1593,73.26,3
1000134,1593,73.26,1
1000153,10436,14.2,1
1000152,10436,14.2,2
1000151,10436,14.2,3
1000154,10442,13.46,3
1000156,10442,13.46,1
1000155,10442,13.46,2
5736,1625,12.48,1
5734,1625,12.48,3
5735,1625,12.48,2
5152,1570,11.67,3
5722,1570,11.67,1
5151,1570,11.67,2
1000159,10416,11.03,1
1000158,10416,11.03,2
1000157,10416,11.03,3
5728,1623,10.8,3
5730,1623,10.8,1
5729,1623,10.8,2
1000160,10430,9.76,3
1000162,10430,9.76,1
1000161,10430,9.76,2
1000163,10403,7.56,2
1000164,10403,7.56,1
102005,1516,7.3,2
102010,1516,7.3,1
1000165,10426,6.89,2
1000166,10426,6.89,1
5039,1514,6.31,2
5138,1514,6.31,1
5040,1514,6.31,3
1000133,1512,5.29,2
1000131,1512,5.29,1
1000132,1512,5.29,3
5134,1556,4.94,3
5135,1556,4.94,2
5136,1556,4.94,1
5127,1554,4.25,1
5128,1554,4.25,2
5129,1554,4.25,3
5122,1552,3.78,1
5121,1552,3.78,2
5120,1552,3.78,3
5031,1510,3.1,2
5030,1510,3.1,1
5032,1510,3.1,3
5026,1508,2.55,1
5024,1508,2.55,3
5025,1508,2.55,2
5743,1627,2.1,2
5744,1627,2.1,1
5742,1627,2.1,3
5602,1580,1.41,2
5601,1580,1.41,3
5600,1580,1.41,4
5603,1580,1.41,1
5010,1504,0.88,3
5011,1504,0.88,2
5720,1504,0.88,1
5790,1582,0.45,2
5791,1582,0.45,1
5789,1582,0.45,3
1000184,10601,8.24,4
1000185,10601,8.24,3
1000186,10601,8.24,2
1000187,10601,8.24,1
1000103,10421,9.64,2
1000104,10421,9.64,1
5022,1507,2.55,2
5021,1507,2.55,1
5023,1507,2.55,3
1000179,10447,8.75,2
1000105,10447,8.75,1
1000021,10432,9.64,2
1000022,10432,9.64,1
5832,1647,8.83,4
5833,1647,8.83,3
5834,1647,8.83,2
1000130,1647,8.83,1
