,stationid_station,milepost_station,locationtext,length,x_coord,y_coord,detectorid,stationid_detector,milepost_detector,lanenumber
0,5208,36.15,Salmon CR SB,,-122.640267,45.711909999999996,102017,5207,36.15,1
1,3154,0.25,Wilshire (2DS043) @ SB OR 217 MP0.25,0.185,-122.78043000000001,45.50622,102018,5207,36.15,2
2,10522,304.4,Alberta HOV (2R003) to NB I-5,0.62,-122.67813999999998,45.56172,102019,5208,36.15,1
3,10285,6.7,102nd off-ramp (2DS020) @ EB I-84 MP6.7,31.745,-122.55888999999999,45.54448,102020,5208,36.15,2
4,10358,5.82,Halsey off-ramp (2DS019) @ EB I-84 MP5.82,0.94,-122.5659,45.53213,101766,10347,0.0,2
5,1010,295.18,Capitol (2R306) to NB I-5,1.26,-122.72041999999999,45.45293,101767,10347,0.0,1
6,1004,289.63,WB Nyberg Slip (2R312) to NB I-5,0.57,-122.7511,45.38279,101976,10330,0.0,2
7,1011,296.26,Spring Garden (2R305) to NB I-5,0.71,-122.69941999999999,45.46213,101977,10330,0.0,1
8,1008,293.18,Haines (2R308) to NB I-5,0.78,-122.7431,45.43495,101982,10331,0.0,2
9,1007,292.18,OR 217/Kruse Way (2R317) to NB I-5,0.785,-122.74224,45.422129999999996,101983,10331,0.0,1
10,1009,293.74,99W (2R307) to NB I-5,1.0,-122.74179,45.4429,101694,10326,0.0,4
11,1039,290.4,Lower Boones (2R321) to SB I-5,0.935,-122.74824,45.39565,101709,10328,0.0,1
12,1075,4.35,Scholls Ferry (2R332) to SB OR 217,0.805,-122.7847,45.45004,101714,10329,0.0,2
13,1078,2.55,Allen (2R341) to SB OR 217,0.6,-122.78918,45.475559999999994,101715,10329,0.0,1
14,1122,73.71,Clay (2R383) to WB US 26,0.69,-122.68813,45.5154,101732,10332,0.0,2
15,1096,299.5,Naito/Harbor (2R391) to SB I-5,0.775,-122.67535,45.50592,100836,1147,306.6,3
16,1065,2.16,Allen (2R340) to NB OR 217,0.59,-122.78911000000001,45.47688,101769,10349,57.52,1
17,1080,0.76,Walker (2R346) to SB OR 217,0.525,-122.79154,45.49757,101762,10347,0.0,6
18,1064,1.34,Canyon (2R344) to NB OR 217,0.42,-122.79146000000001,45.49159,101763,10347,0.0,5
19,1121,1.37,Montgomery (2R384) to SB I-405,0.31,-122.69015,45.51335,101729,10332,0.0,5
20,3109,1.77,Jefferson (2DS008) @ NB I-405 MP1.77,0.485,-122.68786999999999,45.51688,101730,10332,0.0,4
21,3210,0.0,WB US 26 (2DS045) to SB OR 217 MP69.1,0.1,-122.7797,45.50915,101731,10332,0.0,3
22,3211,0.0,EB US 26 (2DS046) to SB OR 217 MP69.16,0.1,-122.77991000000002,45.50865,101710,10329,0.0,6
23,3165,285.58,N. Wilsonville (2DS051) @ NB I-5 MP285.28,1.085,-122.76906000000001,45.32328,101711,10329,0.0,5
24,1130,283.93,Wilsonville Rd (2R396) to NB I-5,1.325,-122.76951000000001,45.30413,101712,10329,0.0,4
25,1001,286.1,EB Elligsen Loop (2R315) to NB I-5,0.36,-122.76773999999999,45.334959999999995,101713,10329,0.0,3
26,3191,287.46,Norwood (2DS052) @ NB I-5 MP287.46,1.55,-122.76467,45.35355,101705,10328,0.0,5
27,1040,289.38,Nyberg (2R320) to SB I-5,1.47,-122.75325,45.38242,101706,10328,0.0,4
28,3182,283.93,Wilsonville Rd (2R399) to SB I-5,1.175,-122.76966999999999,45.29981,101733,10332,0.0,1
29,1139,71.08,WB US 26 Frontage (2R367) at Skyline,1.385,-122.73728999999999,45.50892,101751,10340,43.77,2
30,1108,296.26,Spring Garden (2R305) on SB I-5,1.06,-122.70013999999999,45.463029999999996,101752,10340,43.77,1
31,3193,298.9,Corbett (2DS056) @ NB I-5 MP298.9,1.05,-122.67668,45.48839,100602,3210,0.0,2
32,1105,293.36,99W (2R324) to SB I-5,0.475,-122.74223,45.4418,100881,1056,1.33,3
33,3115,294.05,OR 99W (2DS053) @ SB I-5 MP294.05,0.91,-122.74061999999999,45.44359,100882,1056,1.33,2
34,3161,72.17,Zoo on-ramp (2DS065) @ EB US26 MP72.17,0.41,-122.71918000000001,45.507,100883,1056,1.33,1
35,1091,71.39,Skyline (2R368) to EB US 26,0.635,-122.73598999999999,45.50817,100878,1055,0.52,3
36,1134,0.97,5th (2R394) to SB I-405,0.555,-122.68338,45.50683,100879,1055,0.52,2
37,3126,0.45,W. Grand (2DS013) @ WB I-84 MP0.45,0.83,-122.66042,45.525490000000005,100880,1055,0.52,1
38,1056,1.33,16th ( 2R076) to EB I-84,0.305,-122.64958,45.52816,100876,1097,0.1,2
39,1059,4.9,82nd/Halsey (2R080) to WB I-84,0.39,-122.58081000000001,45.53369,100877,1097,0.1,1
40,3129,1.82,28th (2DS015) @ EB I-84 MP1.82,0.635,-122.63511000000001,45.530359999999995,101037,3178,61.05,2
41,1125,14.58,Sunnyside (2R028) to SB I-205,0.96,-122.56648999999999,45.43175,101038,3178,61.05,1
42,1046,16.2,Johnson Cr (2R049) to NB I-205,1.505,-122.5716,45.45669,100863,1087,68.55,3
43,1045,15.09,Sunnyside (2R054) to NB I-205,0.82,-122.5665,45.43392,100864,1087,68.55,2
44,1098,16.24,Johnson Creek (2R034) to SB I-205,1.46,-122.57371,45.45602,100865,1087,68.55,1
45,1053,18.92,Powell (2R032) to SB I-205,0.875,-122.56578,45.495909999999995,100860,1086,67.4,3
46,10347,0.0,D Far Side,0.5,-122.5636,45.5385,100861,1086,67.4,2
47,3136,5.82,Halsey (2DS019) @ WB I-84 MP5.82,0.835,-122.5659,45.53213,100862,1086,67.4,1
48,3135,5.82,Halsey (2DS019) @ EB I-84 MP5.82,0.835,-122.5659,45.53213,100857,1085,65.9,3
49,10359,292.06,NB I-5 (2DS082) to NB OR 217,150.135,-122.74375,45.4201,100858,1085,65.9,2
50,3133,5.03,82nd (2DS018) @ EB I-84 MP5.03,0.785,-122.57891000000001,45.53289,100859,1085,65.9,1
51,3134,5.03,82nd (2DS018) @ WB I-84 MP5.03,0.46,-122.57891000000001,45.53289,100847,1081,61.25,2
52,10317,291.47,Carman (2DS072) @ NB I-5 MP291.48,0.535,-122.7436,45.41019,100848,1081,61.25,1
53,10318,291.48,Carman (2DS072) @ SB I-5 MP291.48,0.925,-122.7436,45.41019,100845,1138,58.8,2
54,3152,15.94,238th (2DS027) @ WB I-84 MP15.94,0.865,-122.41853,45.53952,100846,1138,58.8,1
55,1110,9.03,NB OR 43 (2DS095) to NB I-205,0.325,-122.6081,45.36311,100672,1148,72.21,3
56,3001,10.2,Park Place (2DS078) @ SB I-205 MP10.2,0.475,-122.58771000000002,45.37516,100673,1148,72.21,2
57,3002,10.2,Park Place (2DS078) @ NB I-205 MP10.2,0.41,-122.58771000000002,45.37516,100674,1148,72.21,1
58,1102,10.24,OR 213/Park Place (2R036) to SB I-205,0.425,-122.58894,45.37451,100669,1091,71.39,3
59,1144,10.27,OR 213/Park Place (2R035) to I-205 NB,0.425,-122.58698999999999,45.37489,100670,1091,71.39,2
60,1101,11.05,82nd Dr/Gladstone (2R039) to SB I-205,1.215,-122.58022,45.38418,100671,1091,71.39,1
61,1042,11.05,82nd Dr/Gladstone (2R044) to NB I-205,1.335,-122.57786999999999,45.38474,100660,1090,70.9,3
62,3178,61.05,Helvetia (2DS057) @ EB US26 MP61.05,1.225,-122.9264,45.564640000000004,100661,1090,70.9,2
63,1133,2.46,Glisan (2R395) to NB I-405,0.95,-122.68651000000001,45.526759999999996,100662,1090,70.9,1
64,1086,67.4,Murray (2R365) to EB US 26,1.325,-122.81416999999999,45.521159999999995,100651,1089,69.22,3
65,1081,61.25,Helvetia (2R374) to EB US 26,0.71,-122.92497,45.56297,100652,1089,69.22,2
66,1087,68.55,Cedar Hills (2R369) to EB US 26,0.91,-122.79047,45.5124,100653,1089,69.22,1
67,1028,305.97,Columbia (2R011) to SB I-5,0.35,-122.68043,45.58637,100635,3180,69.31,3
68,1018,302.5,Broadway (2R001) to NB I-5,0.6,-122.66727,45.53625,100636,3180,69.31,2
69,1147,306.6,Victory (2R021) to SB I-5,0.69,-122.68354,45.59298,100637,3180,69.31,1
70,3174,305.9,N. Columbia off-ramp (2DS080) @ SB I-5 MP305.9,0.185,-122.68015,45.58586,100628,3163,73.17,3
71,3123,305.6,N. Lombard off-ramp (2DS012) @ NB I-5 MP305.6,0.39,-122.67886000000001,45.57877,100629,3163,73.17,2
72,1020,304.4,Alberta (2R003) to NB I-5,0.62,-122.67813999999998,45.56172,100630,3163,73.17,1
73,1029,305.51,WB Lombard (2R013) to SB I-5,0.1,-122.67901,45.57815,100625,3161,72.17,3
74,3125,0.45,W. Grand (2DS013) @ EB I-84 MP0.45,0.21,-122.66042,45.525490000000005,100626,3161,72.17,2
75,3172,303.47,SB I-5 (2DS011) @ I-405 MP303.47,0.4,-122.67889,45.547309999999996,100627,3161,72.17,1
76,1032,304.08,Alberta (2R015) to SB I-5,0.475,-122.67898000000001,45.55758,100312,3153,0.25,3
77,1023,306.51,Victory (2R006) to NB I-5,0.78,-122.68373000000001,45.59644,100313,3153,0.25,2
78,1027,307.35,Marine Dr/99E (2R010) to SB I-5,0.65,-122.68352,45.60327,100314,3153,0.25,1
79,3121,302.51,Broadway (2DS010) @ SB I-5 MP302.51,0.465,-122.66727,45.53625,100303,3157,3.4,3
80,1030,305.4,EB Lombard (2R012) to SB I-5,0.33,-122.67924,45.5769,100304,3157,3.4,2
81,10356,300.99,WB Morrison (2R017) to NB I-5,0.26,-122.66582,45.51903,100305,3157,3.4,1
82,1089,69.22,Parkway (2R370) to EB US 26,0.38,-122.77658999999998,45.5069,100301,3155,1.5,2
83,3186,300.26,Marquam Bridge Catwalk (2DS058) @ SB I-5 MP300.26,4.06,-122.67126,45.50672,100302,3155,1.5,1
84,1024,307.46,Marine Dr/99E (2R007) to NB I-5,0.695,-122.68101999999999,45.6041,100066,1063,0.66,2
85,10521,6.33,S. OR99W (2DS033) @ NB OR 217 MP6.33,0.355,-122.75655,45.43011,100067,1063,0.66,1
86,3124,305.9,N. Columbia off-ramp (2DS080) @ NB I-5 MP305.9,0.455,-122.68015,45.58586,100058,1064,1.34,2
87,10212,14.43,207th (2R085) to WB I-84,0.385,-122.44592,45.53934,100059,1064,1.34,1
88,10380,5.43,S. Greenburg (2DS041) @ SB OR 217 MP5.43,0.42,-122.76943999999999,45.43969,100050,1065,2.16,2
89,10381,5.43,S. Greenburg (2DS041) @ NB OR 217 MP5.43,0.6,-122.76943999999999,45.43969,100051,1065,2.16,1
90,3150,15.17,223rd (2DS026) @ WB I-84 MP15.17,0.755,-122.43399,45.54189,100042,1066,2.68,2
91,1074,5.11,Greenburg (2R333) to SB OR 217,0.54,-122.77623,45.442679999999996,100043,1066,2.68,1
92,10523,305.12,Rosa Parks HOV (2R004) to NB I-5,1.055,-122.67798,45.57119,100034,1067,3.85,2
93,10520,300.47,Marquam Bridge (2DS079) @ NB I-5 MP300.47,5.91,-122.66726000000001,45.5092,100035,1067,3.85,1
94,10524,303.88,Going HOV (2R002) to NB I-5,1.965,-122.67791000000001,45.5546,100026,1068,4.65,2
95,10525,306.51,Victory HOV (2R006) to NB I-5,1.4,-122.68373000000001,45.59644,100027,1068,4.65,1
96,10526,24.41,Newberg Home Acres OR99W NB MP 24.41,1.0,-122.98924,45.29606,100018,1069,5.85,2
97,10527,56.18,Dundee Fulquartz OR18 WB MP 56.18,0.785,-123.00905,45.27068,100019,1069,5.85,1
98,10528,56.75,Dundee 8th OR18 WB MP 56.75,0.885,-122.99959,45.27515,100004,1070,5.9,2
99,10529,24.41,Newberg Home Acres OR99W SB MP 24.41,1.0,-122.98924,45.29606,100005,1070,5.9,1
100,10530,57.95,Newberg Waterfront OR18 EB MP 57.95,1.145,-122.97925,45.28478,100002,1071,6.61,2
101,10531,59.04,Newberg Wynooski OR18 EB MP 59.04,1.045,-122.96061,45.29088,100003,1071,6.61,1
102,10532,59.04,Newberg Wynooski OR18 WB MP 59.04,1.045,-122.96061,45.29088,102031,10378,294.87,3
103,10533,57.95,Newberg Waterfront OR18 WB MP 57.95,1.145,-122.97925,45.28478,102032,10378,294.87,2
104,10534,56.75,Dundee 8th OR18 EB MP 56.75,0.885,-122.99959,45.27515,102033,10378,294.87,1
105,10535,56.18,Dundee Fulquartz OR18 EB MP 56.18,0.785,-123.00905,45.27068,102027,10376,298.02,2
106,1126,14.32,Sunnybrook (2R029) to SB I-205,0.6,-122.56688999999999,45.42862,102028,10376,298.02,1
107,10538,83.51,Parkdale (2DS120) @ NB OR35 MP83.51,6.76,-121.56578,45.51753,102025,10375,279.3,2
108,10539,83.51,Parkdale (2DS120) @ SB OR35 MP83.51,6.76,-121.56578,45.51753,102026,10375,279.3,1
109,10542,55.99,Trillium Lake (2DS117) @ SB US26 MP55.99,1.695,-121.72478999999998,45.28413,102029,10377,298.02,2
110,10543,55.99,Trillium Lake (2DS117) @ NB US26 MP55.99,1.695,-121.72478999999998,45.28413,102030,10377,298.02,1
111,10546,73.71,Vista Ridge (2DS108) @ WB US26 MP73.71,0.69,-122.69323999999999,45.5156,102023,10374,279.3,2
112,1112,73.33,Jefferson (2R382) to WB US 26,0.27,-122.6992,45.51682,102024,10374,279.3,1
113,10585,19.92,Division Ramp (2DS152) @ NB I-205 MP19.92,0.68,-122.56513999999999,45.50863,102225,10571,47.83,1
114,10587,20.9,Burnside (2DS145) @ NB I-205 MP20.9,0.76,-122.56545,45.5228,102221,10566,53.93,1
115,10588,19.54,Powell Ramp (2DS153) @ NB I-205 MP19.54,0.91,-122.56493999999999,45.50277,102220,10570,52.44,1
116,10550,72.65,E. Zoo Interchange (2DS107) @ EB US26 MP72.65,0.48,-122.71008,45.507090000000005,102201,10564,57.8,1
117,10551,2.8,Stafford Rd (2DS139) to NB I-205 MP2.8,0.795,-122.71333,45.37174,102196,10561,49.95,1
118,10552,72.65,E. Zoo Interchange (2DS107) @ WB US26 MP72.65,0.5,-122.71008,45.507090000000005,102192,10562,51.83,2
119,10553,3.58,Stafford Rd (2DS138) to NB I-205 MP3.58,0.92,-122.69776,45.36769,102193,10562,51.83,1
120,10554,69.77,SW 88th (2DS144) @ EB US26 MP69.77,0.425,-122.76713000000001,45.505829999999996,102143,10543,55.99,2
121,10555,2.64,39th (2DS109) @ WB I-84 MP2.64,0.48,-122.6213,45.5325,102144,10543,55.99,1
122,10556,2.64,39th (2DS109) @ EB I-84 MP2.64,0.38,-122.6213,45.5325,102140,10540,61.77,1
123,10557,70.16,SW 79th (2DS106) @ WB US26 MP70.16,0.8,-122.759,45.50548,102138,10539,83.51,1
124,10558,69.77,SW 88th (2DS144) @ WB US26 MP69.77,0.425,-122.76713000000001,45.505829999999996,102137,10536,70.99,1
125,10559,70.16,SW 79th (2DS106) @ EB US26 MP70.16,0.565,-122.759,45.50548,102224,10569,47.83,1
126,10349,57.52,US26 (2DS092) @ WB OR35 MP57.52,0.905,-121.71363999999998,45.28315,102222,10568,53.93,2
127,10566,53.93,Govt Camp Loop East (2DS116) @ WB US26 MP53.93,0.83,-121.74753999999999,45.302209999999995,102223,10568,53.93,1
128,10563,51.83,Pioneer Brindle (2DS115) @ EB US26 MP51.83,1.245,-121.78976999999999,45.306000000000004,102218,10567,52.44,2
129,10567,52.44,Ski Bowl West (2DS140) @ EB US26 MP52.44,0.32,-121.7787,45.3029,102219,10567,52.44,1
130,10568,53.93,Govt Camp Loop East (2DS116) @ EB US26 MP53.93,0.83,-121.74753999999999,45.302209999999995,102202,10565,57.8,1
131,10569,47.83,USFS Rd 35 (2DS113) @ EB MP47.83,3.09,-121.85444,45.306940000000004,102199,10560,49.95,2
132,10339,43.77,Arlie Mitchell (2DS085) @ EB US26 MP43.77,2.53,-121.91278999999999,45.331340000000004,102200,10560,49.95,1
133,10560,49.95,Run Away Truck Ramp (2DS114) @ EB US26 MP49.95,2.0,-121.81695,45.30502,102194,10563,51.83,2
134,10562,51.83,Pioneer Brindle (2DS115) @ WB US26 MP51.83,1.245,-121.78976999999999,45.306000000000004,102195,10563,51.83,1
135,10570,52.44,Ski Bowl West (2DS140) @ WB US26 MP52.44,0.32,-121.7787,45.3029,102142,10542,55.99,1
136,10571,47.83,USFS Rd 35 (2DS113) @ WB MP47.83,3.09,-121.85444,45.306940000000004,102141,10541,61.77,1
137,10340,43.77,Arlie Mitchell (2DS086) @ WB US26 MP43.77,2.53,-121.91278999999999,45.331340000000004,102139,10538,83.51,1
138,10561,49.95,Run Away Truck Ramp (2DS114) @ WB US26 MP49.95,2.0,-121.81695,45.30502,102136,10537,70.99,1
139,10573,6.89,N. of 10th (2DS137) @ NB I-205 MP6.89,0.36,-122.64313999999999,45.34888,101749,10339,43.77,2
140,1116,6.88,10th (2R378) to NB I-205,0.75,-122.6495,45.34707,101750,10339,43.77,1
141,10576,8.56,OR43 (2DS135) @ NB I-205 MP8.56,0.6,-122.6145,45.3603,101978,10331,0.0,6
142,10577,2.8,Stafford Rd (2DS139) to SB I-205 MP2,0.45,-122.71333,45.37174,101979,10331,0.0,5
143,10578,25.6,Government Island (2DS146) @ NB I-205 MP25.6,0.74,-122.54405,45.58352,101980,10331,0.0,4
144,10575,26.4,Glenn Jackson Bridge (2DS148) @ NB I-205 MP26.4,0.9,-122.54741999999999,45.59131,101981,10331,0.0,3
145,10579,25.6,Government Island (2DS146) @ SB I-205 MP25.6,0.915,-122.54405,45.58352,101972,10330,0.0,6
146,10580,23.02,Maywood Park (2DS141) @ NB I-205 MP23.02,0.795,-122.56446000000001,45.55233,101973,10330,0.0,5
147,10581,19.92,Division Ramp (2DS152) @ SB I-205 MP19.92,0.4,-122.56513999999999,45.50863,101974,10330,0.0,4
148,10582,23.02,Maywood Park (2DS141) @ SB I-205 MP23.02,0.795,-122.56446000000001,45.55233,101975,10330,0.0,3
149,10583,19.54,Powell Ramp (2DS153) @ SB I-205 MP19.54,0.335,-122.56493999999999,45.50277,101728,10332,0.0,6
150,10586,19.92,Division Ramp On-Ramp (2DS152) @ SB I-205 MP19.92,145.065,-122.56513999999999,45.50863,101704,10328,0.0,6
151,10121,1.77,US 26 off-ramp (2DS008) @ SB I-405 MP1.77,9.86,-122.68786999999999,45.51688,101698,10327,0.0,6
152,1037,291.9,OR 217/Kruse Way (2R310) to SB I-5,139.94,-122.74571,45.42103,101699,10327,0.0,5
153,10589,8.56,OR43 (2DS135) @ SB I-205 MP8.56,0.395,-122.6145,45.3603,101692,10326,0.0,6
154,10235,9.29,99E (2R041) to SB I-205,0.82,-122.60033,45.366609999999994,101693,10326,0.0,5
155,10122,1.77,Taylor St on-ramp (2DS008) @ SB I-405 MP1.77,9.86,-122.68786999999999,45.51688,100903,1145,5.7,1
156,10590,13.62,Lawnfield (2DS154) at NB I-205 MP13.62,0.81,-122.57208,45.420609999999996,100696,1146,69.3,2
157,10584,21.44,Glisan Ramp (2DS151) @ NB I-205 MP21.44,0.39,-122.56506,45.52837,100697,1146,69.3,1
158,10547,73.71,Vista Ridge (2DS108) @ EB US26 MP73.71 to SB I-405,0.545,-122.69323999999999,45.5156,100694,1139,71.08,2
159,10132,69.31,Camera 89 (2DS067) @ EB US26 MP69.31,33.46,-122.77776000000001,45.50797,100695,1139,71.08,1
160,10591,73.71,Vista Ridge (2DS108) @ EB US26 MP73.71,0.77,-122.69323999999999,45.5156,102276,10586,19.92,2
161,3209,69.1,NB OR 217 (2DS044) to WB US 26 MP0.08,31.8,-122.7797,45.50915,102277,10586,19.92,1
162,10022,7.65,NW Expressway (E),0.915,-123.16036000000001,44.09794,101779,10354,307.92,1
163,10023,8.48,River Rd (E),0.885,-123.12803999999998,44.09717,100615,3186,300.26,4
164,10024,9.42,River Ave (E),0.785,-123.10897,44.09619,100616,3186,300.26,3
165,10025,10.05,Delta Hwy (E),1.12,-123.09982,44.09195,100617,3186,300.26,2
166,10026,11.66,Coburg Rd (E),1.055,-123.06726,44.08781,100618,3186,300.26,1
167,10027,11.66,Coburg Rd (W),1.055,-123.06726,44.08781,100613,3187,299.8,2
168,10028,10.05,Delta Hwy (W),1.12,-123.09982,44.09195,100614,3187,299.8,1
169,10029,9.42,River Ave (W),0.785,-123.10897,44.09619,100611,10123,0.2,2
170,10030,8.48,River Rd (W),0.885,-123.12803999999998,44.09717,100612,10123,0.2,1
171,10031,7.65,NW Expressway (W),0.915,-123.16036000000001,44.09794,100610,10122,1.77,1
172,10123,0.2,Ross Island off-ramp (2DS060) @ SB I-405 MP0.2,0.885,-122.67393,45.5006,100608,10121,1.77,2
173,10134,69.31,Camera 89 (2DS067) @ WB US26 MP69.31,0.89,-122.77776000000001,45.50797,100609,10121,1.77,1
174,10313,252.3,Kuebler (3DS001) @ SB I-5 MP252.3,1.0,-122.99555,44.89029,100604,3211,0.0,2
175,10326,0.0,A Near Side,0.5,-122.64815,42.15814,100605,3211,0.0,1
176,10327,0.0,A Far Side,0.5,-122.64815,42.15814,100603,3210,0.0,1
177,10328,0.0,B Near Side,0.5,-122.61525,42.00873,100450,1037,291.9,2
178,10329,0.0,B Far Side,0.5,-122.61525,42.00873,100451,1037,291.9,1
179,10330,0.0,C Near Side,0.5,-122.57178,45.421279999999996,102158,10547,73.71,1
180,10331,0.0,C Far Side,0.5,-122.57178,45.421279999999996,102157,10549,73.71,1
181,10332,0.0,D Near Side,0.5,-122.5636,45.5385,102156,10548,73.71,1
182,10334,0.9,S. of Goodpasture (5DS003) @ NB Delta Hwy MP0.90,0.62,-123.10338,44.08173,101964,10358,5.82,1
183,10335,0.66,N. of Goodpasture (5DS002) @ Delta Hwy MP0.66,0.29,-123.10191,44.08501,101113,10285,6.7,1
184,10336,0.32,Beltline Hwy (5DS001) @ NB Delta Hwy MP0.32,0.49,-123.09985,44.08944,102109,10525,306.51,-1
185,10337,54.13,Maint West (2DS089) @ EB US26 MP54.13,1.03,-121.744,45.301840000000006,102108,10523,305.12,-1
186,10338,54.13,Maint West (2DS090) @ WB US26 MP54.13,1.03,-121.744,45.301840000000006,102107,10522,304.4,-1
187,10341,52.47,Govt Camp Loop West (2DS087) @ EB US26 MP52.47,0.745,-121.76868,45.30263,102106,10524,303.88,-1
188,10342,52.47,Govt Camp Loop West (2DS088) @ WB US26 MP52.47,0.745,-121.76868,45.30263,101965,10359,292.06,2
189,10345,61.82,Frog Lake (2DS093) @ SB US26 MP61.82,4.61,-121.70028,45.22876,101966,10359,292.06,1
190,10346,61.82,Frog Lake (2DS094) @ NB US26 MP61.82,4.61,-121.70028,45.22876,101772,10351,307.92,1
191,10348,57.52,US26 (2DS092) @ EB OR35 MP57.52,0.905,-121.71363999999998,45.28315,101289,10520,300.47,4
192,10351,307.92,Jantzen Beach on-ramp (2DS106) @ NB I-5 MP307.92,1.205,-122.6786,45.61181,101290,10520,300.47,3
193,10354,307.92,Jantzen Beach off-ramp (2DS109) @ SB I-5 MP307.92,4.33,-122.6786,45.61181,101291,10520,300.47,2
194,10361,6.33,S. OR99W (2DS033) @ SB OR 217 MP6.33,0.41,-122.75655,45.43011,101292,10520,300.47,1
195,10374,279.3,Baker Valley I-84 MP279.30 EB,9.86,-117.95978999999998,45.11459,100606,3201,0.2,2
196,10375,279.3,Baker Valley I-84 MP279.30 WB,8.285,-117.95978999999998,45.11459,100607,3201,0.2,1
197,10376,298.02,Baker Valley I-84 MP298.02 WB,2.075,-117.81706000000001,44.871159999999996,102145,10545,12.16,2
198,10377,298.02,Baker Valley I-84 MP298.02 EB,9.86,-117.81706000000001,44.871159999999996,102146,10545,12.16,1
199,10378,294.87,Baker Valley I-84 MP294.87 WB,9.36,-117.82422,44.92243,102147,10544,12.16,3
200,10379,303.1,Greeley (2DS112) to NB I-5,0.475,-122.67563,45.544059999999995,102148,10544,12.16,2
201,10536,70.99,DSR US26 @ OR216 Jct WB,10.845,-121.60808999999999,45.132509999999996,102149,10544,12.16,1
202,10537,70.99,DSR US26 @ OR216 Jct EB,10.845,-121.60808999999999,45.132509999999996,102119,10531,59.04,1
203,10540,61.77,Frog Lake South (2DS119) @ NB US26 MP61.77,2.01,-121.70165,45.230109999999996,102117,10530,57.95,1
204,10541,61.77,Frog Lake South (2DS119) @ SB US26 MP61.77,2.01,-121.70165,45.230109999999996,102115,10534,56.75,1
205,10544,12.16,Kings N St (W),0.75,-123.05798999999999,44.084959999999995,102113,10535,56.18,1
206,10545,12.16,Kings N St (E),0.75,-123.05798999999999,44.084959999999995,102118,10532,59.04,1
207,10548,73.71,Vista Ridge (2DS108) @ EB US26 MP73.71 to NB I-405,0.545,-122.69323999999999,45.5156,102116,10533,57.95,1
208,10549,73.71,Vista Ridge (2DS108) @ EB US26 MP73.71 to SW Market St,0.545,-122.69323999999999,45.5156,102114,10528,56.75,1
209,10564,57.8,US26 (2DS118) @ SB OR35 MP57.80,2.125,-121.70985,45.28374,102111,10527,56.18,1
210,10565,57.8,US26 (2DS118) @ NB OR35 MP57.80,2.125,-121.70985,45.28374,102122,10526,24.41,2
211,10572,6.89,N. of 10th (2DS137) @ SB I-205 MP6.89,0.675,-122.64313999999999,45.34888,102123,10526,24.41,1
212,10574,6.09,S. of 10th (2DS136) @ SB I-205 MP6.09,0.43,-122.65718999999999,45.3496,102120,10529,24.41,2
213,230,24.82,WB Airport Way (2R056) to NB I-205,0.755,-122.54757,45.572070000000004,102121,10529,24.41,1
214,1068,4.65,Greenburg (2R337) to NB OR 217,0.79,-122.77842,45.444379999999995,102084,10380,5.43,3
215,1019,303.88,Going (2R002) to NB I-5,0.465,-122.67791000000001,45.5546,102085,10380,5.43,2
216,1005,290.54,Lower Boones (2R311) to NB I-5,0.92,-122.74592,45.39715,102086,10380,5.43,1
217,3105,21.68,Halsey (2DS004) @ SB I-205 MP21.68,0.95,-122.56456999999999,45.53488,101969,10361,6.33,3
218,1083,64.34,NB 185th Slip (2R376) to EB US 26,0.805,-122.86575,45.540659999999995,101970,10361,6.33,2
219,1069,5.85,SB OR 99W Slip (2R336) to NB OR 217,0.235,-122.7626,45.43607,101971,10361,6.33,1
220,10390,4.71,154th,1.0,-122.551406,45.735259,101676,3154,0.25,4
221,3149,15.17,223rd (2DS026) @ EB I-84 MP15.17,0.77,-122.43399,45.54189,101677,3154,0.25,3
222,1025,307.9,Jantzen Beach (2R008) to NB I-5,0.72,-122.6786,45.61181,101678,3154,0.25,2
223,1015,299.7,Macadam (2R301) to NB I-5,0.95,-122.67273,45.50006,101679,3154,0.25,1
224,1043,12.94,Or 212/224 (2R045) to NB I-205,1.285,-122.57011999999999,45.40764,100306,3177,3.4,3
225,1052,19.25,Division (2R031) to SB I-205,0.31,-122.56581000000001,45.50139,100307,3177,3.4,2
226,3104,7.6,Viewpoint (2DS003) @ SB I-205 MP7.6,0.805,-122.62791999999999,45.351279999999996,100308,3177,3.4,1
227,1131,293.1,Haines (2R323) to SB I-5,0.94,-122.74443000000001,45.43716,100299,3156,1.5,2
228,1124,14.56,Sunnybrook(2R053) to NB I-205,0.735,-122.5652,45.43359,100300,3156,1.5,1
229,1036,299.25,Hood (2R302) to SB I-5,0.3,-122.67383000000001,45.49528,100165,1072,6.77,3
230,1128,62.8,NB Cornelius Pass Rd Slip (2R397) to EB US 26,0.91,-122.90043999999999,45.554159999999996,100166,1072,6.77,2
231,1140,23.41,Columbia (2R024) to NB I-205,0.775,-122.56045,45.56269,100167,1072,6.77,1
232,1085,65.9,Cornell (2R372) to EB US 26,1.53,-122.83643000000001,45.52964,100157,1073,5.95,2
233,3103,7.6,Viewpoint (2DS003) @ NB I-205 MP7.6,0.835,-122.62791999999999,45.351279999999996,100158,1073,5.95,1
234,3144,12.16,162nd (2DS023) @ WB I-84 MP12.16,0.785,-122.49508999999999,45.54217,100149,1074,5.11,2
235,3167,296.9,Terwilliger (2DS054) @ NB I-5 MP297.3,0.4,-122.68902,45.470240000000004,100176,10023,8.48,2
236,1006,291.61,Carman (2R316) to NB I-5,0.355,-122.74276,45.40912,100150,1074,5.11,1
237,3156,1.5,Canyon (2DS062) @ SB OR 217 MP1.5,0.58,-122.79243999999998,45.49098,100141,1075,4.35,2
238,1141,23.41,Columbia (2R025) to SB I-205,0.695,-122.56566000000001,45.55856,100142,1075,4.35,1
239,3176,3.36,53rd (2DS016) @ WB I-84 MP3.36,0.395,-122.60881,45.527229999999996,100127,1076,3.5,2
240,1143,21.12,Glisan (2R055) to SB I-205,0.67,-122.56589,45.52472,100128,1076,3.5,1
241,1132,2.3,Couch (2R389) to NB I-405,0.17,-122.68611999999999,45.52391,100119,1077,3.12,2
242,1076,3.5,Hall (2R331) to SB OR 217,0.475,-122.78556999999999,45.45933,100120,1077,3.12,1
243,3181,73.17,Jefferson (2DS068) @ WB US26 MP73.17,0.34,-122.70289,45.51246,100117,1078,2.55,2
244,3143,12.16,162nd (2DS023) @ EB I-84 MP12.16,0.785,-122.49508999999999,45.54217,100118,1078,2.55,1
245,1061,2.4,Sandy (2R079) to WB I-84,0.27,-122.62505,45.53405,100103,1079,1.92,2
246,3147,14.4,207th (2DS025) @ EB I-84 MP14.4,1.065,-122.44903000000001,45.538909999999994,100104,1079,1.92,1
247,3201,0.2,Ross Island (2DS060) @ NB I-405 MP0.2,146.13,-122.67393,45.5006,100094,1080,0.76,3
248,1067,3.85,Scholls Ferry (2R338) to NB OR 217,0.625,-122.78365,45.455709999999996,100095,1080,0.76,2
249,1109,8.8,SB OR 43 (2DS143) to NB I-205,0.235,-122.61088000000001,45.36222,100096,1080,0.76,1
250,1123,73.62,"EB US 26 (2R383) to NB I-405, Market",2.2,-122.69176000000002,45.5149,100085,1111,0.45,3
251,3145,13.04,181st (2DS024) @ EB I-84 MP13.04,1.12,-122.47686000000002,45.541290000000004,100086,1111,0.45,2
252,1129,64.24,185th (2R357) to WB US 26,1.585,-122.86946999999999,45.54298,100087,1111,0.45,1
253,3162,72.17,Zoo Interchange (2DS065) @ WB US26 MP72.17,0.64,-122.71918000000001,45.507,100071,1118,0.08,2
254,3160,69.31,OR 217 Camera 89 (2DS067) @ WB US26 MP69.31,0.785,-122.77776000000001,45.50797,100072,1118,0.08,1
255,3110,1.77,Jefferson (2DS008) @ SB I-405 MP1.77,0.22,-122.68786999999999,45.51688,102189,10557,70.16,3
256,3180,69.31,OR 217 Camera 89 (2DS067) @ EB US26 MP69.31,0.275,-122.77776000000001,45.50797,102190,10557,70.16,2
257,3122,4.09,SB I-5 (2DS011) to SB I-405 MP4.09,1.435,-122.67889,45.547309999999996,102191,10557,70.16,1
258,1146,69.3,Barnes (2R355) to WB US 26 Frontage,0.105,-122.7805,45.50999,102182,10558,69.77,3
259,1113,3.55,Stafford Rd (2R377) to NB I-205,0.39,-122.70396000000001,45.368959999999994,102183,10558,69.77,2
260,1111,0.45,Wilshire (2R350) to SB OR 217,0.255,-122.78107,45.50614,102184,10558,69.77,1
261,3139,10.04,122nd (2DS021) @ EB I-84 MP10.04,2.385,-122.53821,45.546890000000005,102162,10552,72.65,4
262,1148,72.21,Zoo (2R387) to EB US 26,0.24,-122.71773999999999,45.50663,102163,10552,72.65,3
263,3130,3.36,53rd (2DS016) @ EB I-84 MP3.36,0.525,-122.60881,45.527229999999996,102164,10552,72.65,2
264,10422,4.71,154th,1.0,-122.55155800000001,45.735254,102165,10552,72.65,1
265,1084,64.29,SB 185th Loop (2R375) to EB US 26,0.77,-122.86843999999999,45.541709999999995,102150,10546,73.71,3
266,1090,70.9,Canyon (2R366) to EB US 26,0.615,-122.74231999999999,45.50802,102151,10546,73.71,2
267,1120,1.81,Taylor (2R385) to SB I-405,0.225,-122.68838000000001,45.51697,102152,10546,73.71,1
268,1092,71.37,Skyline (2R367) to WB US 26,1.005,-122.7361,45.509209999999996,101041,3159,62.48,2
269,1063,0.66,Walker (2R339) to NB OR 217,0.545,-122.78983999999998,45.49868,101042,3159,62.48,1
270,1127,3.69,60th (2R073) to EB I-84,0.445,-122.60175,45.52888,101039,3158,61.05,2
271,1033,303.9,Going (2R020) to SB I-5,0.305,-122.67901,45.556309999999996,101040,3158,61.05,1
272,1003,289.4,EB Nyberg Loop (2R313) to NB I-5,1.085,-122.7521,45.381879999999995,100873,1094,68.2,3
273,3116,297.3,Terwilliger (2DS054) @ SB I-5 MP297.3,0.67,-122.68902,45.470240000000004,100874,1094,68.2,2
274,1135,1.08,Broadway (2R388) to SB I-405,0.09,-122.68478,45.507909999999995,100875,1094,68.2,1
275,3128,1.21,Holiday ramp (2DS014) @ WB I-84 MP1.21,0.685,-122.64923,45.529759999999996,100870,1095,67.0,3
276,3107,23.27,Prescott (2DS005) @ SB I-205 MP23.27,0.195,-122.56758,45.55579,100871,1095,67.0,2
277,1049,24.77,WB Airport Way (2R026) to SB I-205,0.47,-122.55094,45.57188,100872,1095,67.0,1
278,3117,297.6,Miles (2DS055) @ NB I-5 MP297.6,0.75,-122.67721999999999,45.47125,100868,1136,65.65,2
279,1021,305.12,Rosa Parks (2R004) to NB I-5,0.6,-122.67798,45.57119,100869,1136,65.65,1
280,1034,303.1,Greeley (2DS112) to SB I-5,0.48,-122.67563,45.544059999999995,100866,1129,64.24,2
281,3153,0.25,Wilshire (2DS043) @ NB OR 217 MP0.25,0.455,-122.78043000000001,45.50622,100867,1129,64.24,1
282,1095,67.0,Murray (2R354) to WB US 26,1.275,-122.81608999999999,45.523,100681,1092,71.37,3
283,1136,65.65,Bethany (2R356) to WB US 26,1.38,-122.84308,45.53253,100682,1092,71.37,2
284,1094,68.2,Cedar Hills (2R352) to WB US 26,1.155,-122.79406000000002,45.51473,100683,1092,71.37,1
285,1038,291.25,Carman (2R322) to SB I-5,0.54,-122.74455,45.40657,101281,1122,73.71,2
286,3100,1.96,Prosperity Park (2DS001) @ NB I-205 MP1.96,0.92,-122.72952,45.37297,101282,1122,73.71,1
287,3127,1.21,Holiday ramp (2DS014) @ EB I-84 MP1.21,0.405,-122.64923,45.529759999999996,100675,1112,73.33,4
288,1145,5.7,Glisan (2R023) to WB I-84,32.2,-122.56481000000001,45.53119,100676,1112,73.33,3
289,3192,287.46,Norwood (2DS052) @ SB I-5 MP287.46,2.05,-122.76467,45.35355,100677,1112,73.33,2
290,1012,296.6,Multnomah (2R304) to NB I-5,0.32,-122.69498,45.46537,100678,1112,73.33,1
291,1055,0.52,Grand (2R075) to EB I-84,0.38,-122.66011999999999,45.52525,100647,3162,72.17,4
292,1073,5.95,OR 99W (2R334) to SB OR 217,0.45,-122.76078999999999,45.43388,100648,3162,72.17,3
293,3101,1.96,Prosperity Park (2DS001) @ SB I-205 MP1.96,0.92,-122.72952,45.37297,100649,3162,72.17,2
294,3146,13.04,181st (2DS024) @ WB I-84 MP13.04,1.12,-122.47686000000002,45.541290000000004,100650,3162,72.17,1
295,1060,3.43,58th (2R081) to WB I-84,0.445,-122.60529,45.52729,100643,3181,73.17,4
296,1100,12.67,OR 212/224 (2R038) to SB I-205,1.165,-122.57263999999999,45.40513,100644,3181,73.17,3
297,3141,11.47,148th (2DS022) @ EB I-84 MP11.47,1.06,-122.50928,45.54242,100645,3181,73.17,2
298,1118,0.08,Barnes (2R349) to SB OR 217,0.165,-122.77819,45.509409999999995,100646,3181,73.17,1
299,1041,9.45,99E (2R042) to NB I-205,0.585,-122.60086000000001,45.36375,100640,3160,69.31,3
300,1062,2.1,33rd (2R077) to WB I-84,0.29,-122.63083,45.5345,100641,3160,69.31,2
301,1051,20.34,Washington (2R030) to SB I-205,0.6,-122.56593000000001,45.51717,100642,3160,69.31,1
302,1079,1.92,B-H Hwy (2R345) to SB OR 217,0.525,-122.79355,45.48543,101686,3174,305.9,3
303,3158,61.05,Helvetia (2DS057) @ WB US26 MP61.05,1.215,-122.9264,45.564640000000004,101687,3174,305.9,2
304,3175,1.82,28th (2DS015) @ WB I-84 MP1.82,0.445,-122.63511000000001,45.530359999999995,101688,3174,305.9,1
305,3185,300.8,Madison (2DS071) @ SB I-5 MP300.8,0.91,-122.66793,45.51348,101303,10318,291.48,4
306,1115,6.25,10th (2R379) to SB I-205,0.4,-122.65356000000001,45.34837,101304,10318,291.48,3
307,3177,3.4,Hall (2DS064) @ SB OR 217 MP3.4,0.19,-122.78636000000002,45.46386,101305,10318,291.48,2
308,3131,4.25,Halsey ramp (2DS017) @ EB I-84 MP4.25,0.67,-122.59443,45.53367,101306,10318,291.48,1
309,3171,303.47,NB I-5 (2DS011) @ I-405 MP303.47,0.39,-122.67889,45.547309999999996,101065,3115,294.05,3
310,232,24.92,EB Airport Way (2R057) to NB I-205,0.39,-122.54768999999999,45.5721,101066,3115,294.05,2
311,1026,307.9,Jantzen Beach (2R009) to SB I-5,0.775,-122.6786,45.61181,101067,3115,294.05,1
312,1057,2.6,Cesar Chavez (2R078) to EB I-84,0.41,-122.62228,45.53284,101031,3173,305.6,3
313,3132,4.25,Halsey ramp (2DS017) @ WB I-84 MP4.25,0.735,-122.59443,45.53367,101032,3173,305.6,2
314,3102,5.39,Blankenship (2DS002) @ NB I-205 MP5.39,1.65,-122.66582,45.35738,101033,3173,305.6,1
315,3155,1.5,Canyon (2DS062) @ NB OR 217 MP1.5,0.41,-122.79243999999998,45.49098,101026,3172,303.47,2
316,1077,3.12,Denney (2R343) to SB OR 217,0.425,-122.7864,45.46815,101027,3172,303.47,1
317,3202,16.9,Marine Dr (2DS028) @ WB I-84 MP16.9,0.98,-122.40131000000001,45.54446,100842,1026,307.9,3
318,3194,298.9,Corbett (2DS056) @ SB I-5 MP298.9,0.825,-122.67668,45.48839,100843,1026,307.9,2
319,1050,24.66,EB Airport Way (2R027) to SB I-205,0.68,-122.55187,45.57036,100844,1026,307.9,1
320,1072,6.77,72nd (2R347) to SB OR 217,0.72,-122.75031000000001,45.424859999999995,100839,1027,307.35,3
321,3138,6.7,102nd (2DS020) @ WB I-84 MP6.7,2.11,-122.55888999999999,45.54448,100840,1027,307.35,2
322,1138,58.8,Jackson School Rd (2R398) to EB US 26,1.625,-122.96712,45.57848,100841,1027,307.35,1
323,10412,81.32,Mellen Couplet,0.455,-122.974021,46.706684,100837,1147,306.6,2
324,1990,76.54,13th Chehalis,3.005,-122.95893799999999,46.645828,100838,1147,306.6,1
325,10414,80.76,MELLEN CPLT OFF ,2.39,-122.971456,46.699146999999996,100833,1028,305.97,3
326,1989,76.54,13th Chehalis,3.005,-122.958851,46.645911,100834,1028,305.97,2
327,3137,6.7,102nd (2DS020) @ EB I-84 MP6.7,2.11,-122.55888999999999,45.54448,100835,1028,305.97,1
328,3032,300.8,Madison (2DS042) @ NB I-5 MP300.8,0.645,-122.66793,45.51348,100830,1029,305.51,3
329,3195,5.39,Blankenship (2DS002) @ SB I-205 MP5.39,1.615,-122.66582,45.35738,100831,1029,305.51,2
330,10419,81.67,MELLEN ST,0.475,-122.975486,46.712070000000004,100832,1029,305.51,1
331,10404,82.27,CDNB Harrison,0.535,-122.976448,46.720335,100827,1030,305.4,3
332,10415,83.85,BLAKESLEE JCN,1.415,-122.978524,46.742748,100828,1030,305.4,2
333,10431,82.74,Harrison Ave,0.79,-122.976919,46.727596999999996,100829,1030,305.4,1
334,10397,0.91,Col. Shores BLVD,0.485,-122.62569199999999,45.61851,100824,1031,304.85,3
335,10398,5.0,97th AVE,0.635,-122.57291799999999,45.608563000000004,100825,1031,304.85,2
336,3170,4.2,NB I-405 (2DS011) to NB I-5 MP4.2,1.37,-122.67889,45.547309999999996,100826,1031,304.85,1
337,3168,301.32,N. Morrison Bridge (2DS070) @ NB I-5 MP301.32,0.755,-122.66586000000001,45.520990000000005,100821,1032,304.08,3
338,1035,302.17,Wheeler (2R018) to SB I-5,0.595,-122.66641000000001,45.53295,100822,1032,304.08,2
339,3111,2.12,Alder (2DS009) @ NB I-405 MP2.12,0.265,-122.6858,45.52218,100823,1032,304.08,1
340,3187,299.8,Ross Island (2DS060) SB I-5 MP299.8,4.18,-122.67393,45.5006,100818,1033,303.9,3
341,3183,16.9,Marine Dr (2DS028) @ EB I-84 MP16.9,0.98,-122.40131000000001,45.54446,100819,1033,303.9,2
342,3164,21.68,Halsey (2DS004) @ NB I-205 MP21.68,0.79,-122.56456999999999,45.53488,100820,1033,303.9,1
343,1047,18.1,Foster (2R050) to NB I-205,1.67,-122.56475,45.47896,100816,1034,303.1,2
344,1119,2.22,Everett (2R386) to SB I-405,1.14,-122.6872,45.524229999999996,100817,1034,303.1,1
345,3113,285.28,N. Wilsonville (2DS051) @ SB I-5 MP285.28,1.765,-122.76906000000001,45.32328,100812,1035,302.17,2
346,3163,73.17,Jefferson (2DS068) @ EB US26 MP73.17,0.53,-122.70289,45.51246,100813,1035,302.17,1
347,3118,297.6,Miles (2DS055) @ SB I-5 MP297.6,0.8,-122.67721999999999,45.47125,100809,1108,296.26,3
348,3142,11.47,148th (2DS022) @ WB I-84 MP11.47,1.06,-122.50928,45.54242,100810,1108,296.26,2
349,1013,297.4,Bertha (2R309) to NB I-5,0.35,-122.6845,45.469809999999995,100811,1108,296.26,1
350,1114,2.86,Stafford Rd (2R390) to SB I-205,1.295,-122.71332,45.37186,100806,1107,295.18,3
351,1066,2.68,Denney (2R342) to NB OR 217,0.62,-122.78532,45.47017,100807,1107,295.18,2
352,3140,10.04,122nd (2DS021) @ WB I-84 MP10.04,2.385,-122.53821,45.546890000000005,100808,1107,295.18,1
353,1106,13.38,Milwaukie Expressway (2R037) to SB I-205,0.825,-122.572,45.418479999999995,100803,1105,293.36,3
354,3157,3.4,Hall (2DS064) @ NB OR 217 MP3.4,0.585,-122.78636000000002,45.46386,100804,1105,293.36,2
355,1107,295.18,Capitol (2R306) on SB I-5,1.105,-122.71862,45.45357,100805,1105,293.36,1
356,3148,14.4,207th (2DS025) @ WB I-84 MP14.4,0.695,-122.44903000000001,45.538909999999994,100800,1131,293.1,3
357,3120,301.32,N. Morrison Bridge (2DS070) @ SB I-5 MP301.32,0.685,-122.66586000000001,45.520990000000005,100801,1131,293.1,2
358,1031,304.85,Rosa Parks (2R014) to SB I-5,0.66,-122.67896999999999,45.56889,100802,1131,293.1,1
359,1082,62.47,SB Cornelius Pass Rd Loop (2R373) to EB US 26,0.775,-122.90191999999999,45.55324,100687,3118,297.6,3
360,3169,302.52,Broadway (2DS010) @ NB I-5 MP302.52,0.3,-122.66727,45.53625,100688,3118,297.6,2
361,1054,17.5,Foster (2R033) to SB I-205,1.34,-122.56636999999999,45.47746,100689,3118,297.6,1
362,3173,305.6,N. Lombard off-ramp (2DS012) @ SB I-5 MP305.6,0.195,-122.67886000000001,45.57877,100684,3116,297.3,3
363,1002,286.3,WB Elligsen Slip (2R314) to NB I-5,0.68,-122.76858999999999,45.3376,100685,3116,297.3,2
364,3108,1.15,Broadway (2DS006) @ NB I-405 MP1.15,0.81,-122.68478,45.50792,100686,3116,297.3,1
365,3151,15.94,238th (2DS027) @ EB I-84 MP15.94,0.865,-122.41853,45.53952,100558,3192,287.46,4
366,3106,23.27,Prescott (2DS005) @ NB I-205 MP23.27,0.195,-122.56758,45.55579,100559,3192,287.46,3
367,1097,0.1,EB Morrison (2R074) to EB I-84,0.275,-122.66528999999998,45.52048,100560,3192,287.46,2
368,1071,6.61,NB 72nd (2R348) to NB OR 217,0.64,-122.75121999999999,45.42685,100561,3192,287.46,1
369,1070,5.9,NB OR 99W Loop (2R335) to NB OR 217,0.24,-122.75986,45.43428,100555,3113,285.28,3
370,3159,62.48,Cornelius Pass (2DS066) WB US26 MP62.48,1.595,-122.9006,45.55357,100556,3113,285.28,2
371,3196,1.15,Broadway (2DS006) @ SB I-405 MP1.15,0.145,-122.68478,45.50792,100557,3113,285.28,1
372,1104,8.5,OR 43 (2R351) to SB I-205,0.48,-122.6123,45.36205,100529,3120,301.32,3
373,10396,30.95,SR500 SB,0.585,-122.571367,45.657112,100530,3120,301.32,2
374,10401,30.94,SR500 NB,0.575,-122.570972,45.657269,100531,3120,301.32,1
375,10408,11.03,209th,0.47,-122.669899,45.772275,100447,1038,291.25,3
376,10416,11.03,209th,0.435,-122.669274,45.772386,100448,1038,291.25,2
377,10446,30.38,39th NB,0.535,-122.566092,45.649898,100449,1038,291.25,1
378,10391,29.87,Burton,0.51,-122.5633,45.642552,100444,1039,290.4,3
379,10429,30.36,39th SB,0.54,-122.56688,45.649508000000004,100445,1039,290.4,2
380,10392,10.49,East of 192nd,0.965,-122.465566,45.583793,100446,1039,290.4,1
381,10440,9.52,Quarry Rd.,0.985,-122.484928,45.587305,100441,1040,289.38,3
382,10409,10.49,East of 192nd,0.965,-122.46561899999999,45.583696999999994,100442,1040,289.38,2
383,10389,81.32,Mellen Couplet,0.455,-122.973849,46.706711,100443,1040,289.38,1
384,10424,80.76,MELLEN CPLT OFF ,2.39,-122.971274,46.699169,100438,3182,283.93,3
385,10606,1.93,MP 1.93,0.425,-122.633766,45.61862,100439,3182,283.93,2
386,10600,8.24,154th,0.635,-122.65735,45.732696999999995,100440,3182,283.93,1
387,10607,1.93,MP 1.93,0.425,-122.633766,45.6185,100391,3121,302.51,2
388,10417,0.17,Apple Tree,0.375,-122.669082,45.622064,100392,3121,302.51,1
389,10407,7.56,139th,0.47,-122.654959,45.722834000000006,100374,1036,299.25,3
390,10438,6.89,129th,0.495,-122.653155,45.713088,100375,1036,299.25,2
391,10603,2.35,54th Ave,0.93,-122.617304,45.647859999999994,100376,1036,299.25,1
392,10604,3.32,Andresen RD,0.81,-122.597903,45.64956,100367,1096,299.5,2
393,10605,3.32,Andresen RD,0.81,-122.598041,45.649653,100368,1096,299.5,1
394,10602,2.35,54th Ave,0.93,-122.617304,45.647993,100283,3185,300.8,3
395,10601,8.24,154th,0.635,-122.65705,45.732696999999995,100284,3185,300.8,2
396,1516,7.3,I-5 NB at 134th,0.335,-122.65441799999999,45.717046999999994,100285,3185,300.8,1
397,10403,7.56,139th,0.47,-122.65476000000001,45.722825,100269,3194,298.9,3
398,10400,0.17,Apple Tree,0.375,-122.669169,45.622003,100270,3194,298.9,2
399,10402,5.0,97th AVE,0.635,-122.57295400000001,45.608473,100271,3194,298.9,1
400,10428,0.91,Col. Shores BLVD,0.485,-122.62571899999999,45.618404,102285,10589,8.56,2
401,10399,8.75,152nd AVE,2.835,-122.516603,45.682924,102286,10589,8.56,1
402,1515,7.3,I-5 SB at 134th,0.335,-122.654627,45.717013,102282,10583,19.54,3
403,10430,9.76,179th ST NB,0.985,-122.663541,45.753931,102283,10583,19.54,2
404,1647,8.83,I-5 NB at 159th,0.76,-122.65900400000001,45.739135,102284,10583,19.54,1
405,1527,4.32,Lieser EB,0.62,-122.586247,45.611206,102273,10581,19.92,3
406,10426,6.89,129th,0.495,-122.65291,45.713107,102274,10581,19.92,2
407,10435,3.76,73rd AVE,0.635,-122.59738600000001,45.612859,102275,10581,19.92,1
408,10433,3.76,73rd AVE,0.635,-122.597375,45.612951,102257,10582,23.02,4
409,10421,9.64,79th ST,0.945,-122.5058,45.680802,102258,10582,23.02,3
410,10447,8.75,152nd AVE,2.835,-122.51659199999999,45.682832,102259,10582,23.02,2
411,10432,9.64,79th ST,0.945,-122.50594199999999,45.680802,102260,10582,23.02,1
412,1529,5.59,Ellsworth EB,0.65,-122.561003,45.605912,102245,10579,25.6,4
413,1636,13.14,Lady Island,1.13,-122.41640100000001,45.575262,102246,10579,25.6,3
414,1552,3.78,63rd,0.575,-122.665411,45.669626,102247,10579,25.6,2
415,10393,34.35,ST Johns SB,0.68,-122.611251,45.695655,102248,10579,25.6,1
416,10410,9.77,179th ST SB,0.99,-122.66388799999999,45.75388,102242,10577,2.8,3
417,1517,8.83,I-5 SB at 159th,0.765,-122.659279,45.739095,102243,10577,2.8,2
418,10434,36.67,134th,1.025,-122.64741799999999,45.716943,102244,10577,2.8,1
419,10437,36.67,134th,1.025,-122.64773500000001,45.71678,102234,10572,6.89,2
420,1595,74.75,Labree Rd Chehalis,1.64,-122.93349599999999,46.626946000000004,102235,10572,6.89,1
421,1596,74.75,Labree Rd Chehalis,1.64,-122.933697,46.62683,102232,10574,6.09,2
422,1502,1.55,Grand WB,0.51,-122.642301,45.618626,102233,10574,6.09,1
423,10386,9.52,Quarry Rd.,0.985,-122.485001,45.587164,101146,3105,21.68,4
424,10420,11.45,Camas C/L,0.95,-122.447321,45.578781,101147,3105,21.68,3
425,10388,28.36,Mill Plain,0.525,-122.55901000000001,45.621415999999996,101148,3105,21.68,2
426,10413,29.36,18th ST NB,0.51,-122.56071499999999,45.635803,101149,3105,21.68,1
427,10395,28.36,Mill Plain,0.525,-122.559473,45.621407,101071,3001,10.2,3
428,10441,28.85,9th ST,0.5,-122.559882,45.628440999999995,101072,3001,10.2,2
429,10406,29.36,18th ST SB,0.51,-122.561148,45.635727,101073,3001,10.2,1
430,10423,29.87,Burton,0.5,-122.563943,45.642437,101061,3107,23.27,4
431,10405,85.57,L/T COUNTY LINE,1.36,-122.99316100000001,46.765515,101062,3107,23.27,3
432,10411,82.27,CDNB Harrison,0.535,-122.97662199999999,46.720357,101063,3107,23.27,2
433,10425,85.57,L/T COUNTY LINE,1.36,-122.99288600000001,46.765581,101064,3107,23.27,1
434,10427,81.67,MELLEN ST,0.475,-122.975647,46.712070000000004,101059,3104,7.6,2
435,10444,83.85,BLAKESLEE JCN,1.415,-122.97873999999999,46.74269,101060,3104,7.6,1
436,1580,1.41,4th Plain,0.61,-122.66211399999999,45.636340000000004,101057,3195,5.39,2
437,1528,5.59,Ellsworth WB,0.65,-122.56098999999999,45.606023,101058,3195,5.39,1
438,1626,12.49,Carty Rd.,0.855,-122.67618200000001,45.793126,101054,3101,1.96,3
439,1593,73.26,mp 73.3 (access gate),30.275,-122.912376,46.610834999999994,101055,3101,1.96,2
440,10442,13.46,Dolan RD,0.86,-122.681246,45.806195,101056,3101,1.96,1
441,10436,14.2,SR-501,29.9,-122.68597199999999,45.816317,101017,1049,24.77,3
442,10394,13.46,Dolan RD,0.855,-122.681683,45.806121000000005,101018,1049,24.77,2
443,1594,73.26,mp 73.3 (access gate),30.275,-122.91254199999999,46.610690000000005,101019,1049,24.77,1
444,10445,14.2,SR-501,29.9,-122.6864,45.816265,101002,1052,19.25,3
445,10439,34.34,ST Johns NB,0.68,-122.61089799999999,45.695884,101003,1052,19.25,2
446,1511,5.29,99th,0.685,-122.66235900000001,45.691187,101004,1052,19.25,1
447,1643,0.66,15th St EB,0.9,-122.65004099999999,45.650498,100999,1053,18.92,3
448,1547,32.23,70th SB,0.685,-122.583518,45.673648,101000,1053,18.92,2
449,1631,6.3,I-205 E EB,1.065,-122.54709199999999,45.602676,101001,1053,18.92,1
450,10443,11.45,Camas C/L,0.95,-122.44736100000001,45.578681,100993,1098,16.24,3
451,10418,28.85,9th ST,0.5,-122.559233,45.628440000000005,100994,1098,16.24,2
452,10387,82.74,Harrison Ave,0.79,-122.977116,46.727603,100995,1098,16.24,1
453,1603,7.72,Cascade Park Dr,1.11,-122.51976599999999,45.596011,100990,1125,14.58,3
454,1623,10.8,199th,0.635,-122.66690600000001,45.764734000000004,100991,1125,14.58,2
455,1602,3.05,Shorewood WB,0.68,-122.61214,45.615296,100992,1125,14.58,1
456,1503,0.88,Evergreen Blvd,0.48,-122.66658799999999,45.629090999999995,100987,1126,14.32,3
457,1588,11.75,(SB) SR502,0.73,-122.673818,45.781513000000004,100988,1126,14.32,2
458,1561,32.9,Padden,0.61,-122.592301,45.682154,100989,1126,14.32,1
459,1556,4.94,86th,0.52,-122.664245,45.686329,100984,1106,13.38,3
460,1608,27.26,SR14,0.77,-122.551833,45.606730999999996,100985,1106,13.38,2
461,1609,27.26,SR14,0.77,-122.552132,45.606709,100986,1106,13.38,1
462,1624,10.81,199th,0.63,-122.667227,45.764697,100978,1100,12.67,3
463,1510,3.1,Main St,0.615,-122.66541299999999,45.659595,100979,1100,12.67,2
464,1627,2.1,35th St,0.57,-122.66164199999999,45.646419,100980,1100,12.67,1
465,1604,7.72,Cascade Park Dr,1.11,-122.519709,45.596105,100975,1101,11.05,3
466,1637,14.65,Union,1.255,-122.385283,45.580171,100976,1101,11.05,2
467,1507,2.55,Kiggins,0.5,-122.662796,45.652577,100977,1101,11.05,1
468,1625,12.48,Carty Rd.,0.895,-122.67571699999999,45.793184000000004,100972,1102,10.24,3
469,1555,4.25,78th,0.58,-122.664671,45.676586,100973,1102,10.24,2
470,1638,14.65,Union,1.255,-122.385304,45.580313000000004,100974,1102,10.24,1
471,1610,27.8,10th,0.55,-122.554088,45.614381,100970,10235,9.29,2
472,1554,4.25,78th,0.58,-122.66443799999999,45.676581,100971,10235,9.29,1
473,1605,8.52,164th EB,0.9,-122.504397,45.591815000000004,100968,1104,8.5,2
474,1600,2.4,Blandford WB,0.56,-122.62439499999999,45.61837,100969,1104,8.5,1
475,1535,34.81,50th,0.64,-122.620127,45.699421,100960,1114,2.86,2
476,1583,0.45,SR-14,0.665,-122.670745,45.623839000000004,100961,1114,2.86,1
477,1606,8.52,164th WB,0.9,-122.504347,45.591916999999995,101022,3122,4.09,2
478,1613,32.22,70th NB,0.685,-122.58314399999999,45.673764,101023,3122,4.09,1
479,1618,3.97,Thurston WB,2.715,-122.587124,45.654517,100544,3110,1.77,2
480,1628,2.1,35th St,0.57,-122.661875,45.64642,100545,3110,1.77,1
481,1632,6.3,I-205 E WB,1.065,-122.547206,45.602824,100393,3196,1.15,3
482,1646,1.46,Burnt Bridge WB,0.845,-122.63541200000002,45.646219,100394,3196,1.15,2
483,1570,11.67,(NB) SR502,0.725,-122.67173600000001,45.780925,100395,3196,1.15,1
484,1533,27.8,10th,0.55,-122.55443999999999,45.614261,100333,1119,2.22,2
485,1514,6.31,Salmon Cr. NB,0.8,-122.65488799999999,45.70507,100334,1119,2.22,1
486,1557,4.94,86th,0.52,-122.664433,45.686353000000004,100331,1120,1.81,2
487,1553,3.78,63rd,0.575,-122.665651,45.669662,100332,1120,1.81,1
488,1512,5.29,99th,0.685,-122.662149,45.691174,100328,1121,1.37,3
489,1504,0.88,Evergreen Blvd,0.48,-122.666339,45.629063,100329,1121,1.37,2
490,1508,2.55,Kiggins,0.5,-122.66260700000001,45.652644,100330,1121,1.37,1
491,1634,12.39,6th Ave,0.845,-122.42829499999999,45.58065,100325,1135,1.08,3
492,1633,12.39,6th Ave,0.845,-122.428448,45.580571,100326,1135,1.08,2
493,1630,0.58,Pearson WB,0.37,-122.66171100000001,45.61931,100327,1135,1.08,1
494,1513,6.31,Salmon Cr. SB,0.8,-122.655078,45.705051,100321,1134,0.97,4
495,1509,3.1,Main St,0.615,-122.665641,45.659535,100322,1134,0.97,3
496,1581,1.41,4th Plain,0.61,-122.662374,45.636287,100323,1134,0.97,2
497,1545,32.9,Padden,0.615,-122.59192,45.682404,100324,1134,0.97,1
498,1640,31.53,NE 58th,0.64,-122.57781499999999,45.664364,102175,10555,2.64,3
499,1582,0.45,SR-14,0.665,-122.67065600000001,45.623675,102176,10555,2.64,2
500,1614,35.62,119th,0.93,-122.631748,45.707423999999996,102177,10555,2.64,1
501,1635,13.14,Lady Island,1.13,-122.416389,45.575182,101186,3202,16.9,2
502,1642,33.45,Andresen,0.725,-122.601628,45.687499,101187,3202,16.9,1
503,1599,2.4,Blandford EB,0.56,-122.624427,45.618253,101183,3152,15.94,3
504,1644,0.66,15th St WB,0.9,-122.64998600000001,45.650627,101184,3152,15.94,2
505,1629,0.58,Pearson EB,0.37,-122.661752,45.61918,101185,3152,15.94,1
506,1501,1.55,Grand EB,0.51,-122.64228100000001,45.618513,101180,3150,15.17,3
507,1645,1.46,Burnt Bridge EB,0.845,-122.63543700000001,45.646095,101181,3150,15.17,2
508,1601,3.05,Shorewood EB,0.68,-122.612167,45.615193,101182,3150,15.17,1
509,1617,3.97,Thurston EB,2.715,-122.587026,45.654407,101177,3148,14.4,3
510,1526,4.32,Lieser WB,0.62,-122.586248,45.611337,101178,3148,14.4,2
511,1641,33.45,Andresen,0.72,-122.601211,45.687703000000006,101179,3148,14.4,1
512,1639,31.53,NE 58th,0.64,-122.577402,45.664477000000005,101174,3146,13.04,3
513,1536,34.81,50th,0.635,-122.62019699999999,45.699144,101175,3146,13.04,2
514,1537,35.62,119th,0.93,-122.632189,45.707254999999996,101176,3146,13.04,1
